Date,Time,Temperature_Celsius(℃),Relative_Humidity(%),DPT(℃),VPD(kPa),Abs Humidity(g/m³)
2024-07-09,11:20,36.2,66,28.8,2.04,27.76
2024-07-09,11:21,36.1,66,28.7,2.03,27.62
2024-07-09,11:22,36.0,66,28.6,2.02,27.48
2024-07-09,11:23,35.9,66,28.5,2.01,27.34
2024-07-09,11:24,35.8,66,28.5,2.0,27.2
2024-07-09,11:25,35.8,66,28.4,1.99,27.13
2024-07-09,11:26,35.7,66,28.4,1.99,27.06
2024-07-09,11:27,35.7,66,28.3,1.98,26.99
2024-07-09,11:28,35.6,66,28.3,1.98,26.92
2024-07-09,11:29,35.5,66,28.2,1.97,26.85
2024-07-09,11:30,35.5,67,28.4,1.91,27.18
2024-07-09,11:31,35.5,67,28.4,1.91,27.18
2024-07-09,11:32,35.5,67,28.4,1.91,27.18
2024-07-09,11:33,35.5,67,28.5,1.91,27.25
2024-07-09,11:34,35.6,67,28.5,1.92,27.32
2024-07-09,11:35,35.6,67,28.5,1.92,27.32
2024-07-09,11:36,35.6,67,28.5,1.92,27.32
2024-07-09,11:37,35.8,67,28.7,1.93,27.54
2024-07-09,11:38,35.9,67,28.8,1.95,27.75
2024-07-09,11:39,36.0,67,28.9,1.96,27.9
2024-07-09,11:40,36.1,67,29.0,1.97,28.04
2024-07-09,11:41,36.3,67,29.2,1.99,28.33
2024-07-09,11:42,36.5,67,29.4,2.01,28.62
2024-07-09,11:43,36.5,65,28.9,2.14,27.84
2024-07-09,11:44,36.6,64,28.7,2.21,27.48
2024-07-09,11:45,36.7,64,28.8,2.22,27.62
2024-07-09,11:46,36.8,65,29.1,2.17,28.2
2024-07-09,11:47,36.9,65,29.2,2.18,28.35
2024-07-09,11:48,37.0,65,29.3,2.2,28.49
2024-07-09,11:49,37.1,65,29.4,2.21,28.64
2024-07-09,11:50,37.2,65,29.5,2.22,28.78
2024-07-09,11:51,37.3,65,29.6,2.23,28.93
2024-07-09,11:52,37.4,65,29.7,2.24,29.08
2024-07-09,11:53,37.5,63,29.2,2.38,28.26
2024-07-09,11:54,37.5,62,29.0,2.45,27.88
2024-07-09,11:55,37.5,62,29.0,2.46,27.95
2024-07-09,11:56,37.6,62,29.1,2.46,28.02
2024-07-09,11:57,37.7,62,29.2,2.48,28.17
2024-07-09,11:58,37.8,62,29.3,2.49,28.31
2024-07-09,11:59,38.0,62,29.4,2.52,28.6
2024-07-09,12:00,38.2,62,29.6,2.54,28.89
2024-07-09,12:01,38.3,62,29.7,2.56,29.04
2024-07-09,12:02,38.4,62,29.8,2.57,29.19
2024-07-09,12:03,38.5,62,29.9,2.58,29.26
2024-07-09,12:04,38.5,62,29.9,2.59,29.33
2024-07-09,12:05,38.5,62,30.0,2.59,29.41
2024-07-09,12:06,38.6,62,30.0,2.6,29.48
2024-07-09,12:07,38.7,61,29.8,2.68,29.16
2024-07-09,12:08,38.8,61,29.9,2.7,29.3
2024-07-09,12:09,39.0,61,30.1,2.73,29.6
2024-07-09,12:10,39.2,61,30.3,2.76,29.9
2024-07-09,12:11,39.4,61,30.5,2.79,30.2
2024-07-09,12:12,39.6,61,30.7,2.82,30.51
2024-07-09,12:13,39.8,61,30.9,2.85,30.82
2024-07-09,12:14,40.0,61,31.0,2.88,31.13
2024-07-09,12:15,40.0,61,31.0,2.88,31.13
2024-07-09,12:16,40.0,61,31.0,2.88,31.13
2024-07-09,12:17,39.8,59,30.3,2.99,29.81
2024-07-09,12:18,39.6,58,29.8,3.03,29.01
2024-07-09,12:19,39.4,58,29.6,3.0,28.72
2024-07-09,12:20,39.2,58,29.4,2.97,28.43
2024-07-09,12:21,39.1,58,29.3,2.95,28.29
2024-07-09,12:22,39.0,58,29.2,2.94,28.14
2024-07-09,12:23,38.8,58,29.0,2.9,27.86
2024-07-09,12:24,38.6,58,28.9,2.87,27.58
2024-07-09,12:25,38.6,59,29.2,2.81,28.06
2024-07-09,12:26,38.6,60,29.4,2.74,28.53
2024-07-09,12:27,38.7,60,29.5,2.74,28.6
2024-07-09,12:28,38.7,60,29.5,2.75,28.68
2024-07-09,12:29,38.8,60,29.6,2.77,28.82
2024-07-09,12:30,38.9,60,29.7,2.78,28.97
2024-07-09,12:31,38.9,60,29.7,2.78,28.97
2024-07-09,12:32,38.9,60,29.7,2.78,28.97
2024-07-09,12:33,39.0,59,29.5,2.86,28.56
2024-07-09,12:34,39.0,59,29.5,2.87,28.63
2024-07-09,12:35,39.2,59,29.7,2.89,28.85
2024-07-09,12:36,39.3,59,29.8,2.91,29.07
2024-07-09,12:37,39.5,57,29.4,3.09,28.37
2024-07-09,12:38,39.7,56,29.3,3.19,28.15
2024-07-09,12:39,39.8,56,29.4,3.21,28.29
2024-07-09,12:40,39.9,56,29.5,3.23,28.43
2024-07-09,12:41,40.0,56,29.6,3.25,28.58
2024-07-09,12:42,40.1,57,30.0,3.19,29.23
2024-07-09,12:43,40.2,57,30.0,3.21,29.38
2024-07-09,12:44,40.3,57,30.1,3.22,29.53
2024-07-09,12:45,40.3,57,30.1,3.22,29.53
2024-07-09,12:46,40.3,57,30.1,3.22,29.53
2024-07-09,12:47,40.3,54,29.2,3.46,28.04
2024-07-09,12:48,40.4,52,28.6,3.62,27.07
2024-07-09,12:49,40.3,53,28.9,3.52,27.45
2024-07-09,12:50,40.2,55,29.4,3.35,28.35
2024-07-09,12:51,40.3,55,29.6,3.38,28.56
2024-07-09,12:52,40.5,55,29.7,3.41,28.78
2024-07-09,12:53,40.7,55,29.9,3.44,29.06
2024-07-09,12:54,40.9,55,30.1,3.48,29.36
2024-07-09,12:55,41.1,55,30.2,3.51,29.58
2024-07-09,12:56,41.2,55,30.3,3.54,29.8
2024-07-09,12:57,41.2,55,30.3,3.54,29.8
2024-07-09,12:58,41.2,55,30.3,3.54,29.8
2024-07-09,12:59,41.2,55,30.3,3.53,29.72
2024-07-09,13:00,41.1,55,30.3,3.52,29.65
2024-07-09,13:01,40.9,55,30.1,3.48,29.36
2024-07-09,13:02,40.7,55,29.9,3.44,29.06
2024-07-09,13:03,40.6,55,29.7,3.42,28.85
2024-07-09,13:04,40.4,55,29.6,3.39,28.63
2024-07-09,13:05,40.2,55,29.4,3.35,28.35
2024-07-09,13:06,40.0,55,29.2,3.32,28.07
2024-07-09,13:07,39.7,55,29.0,3.27,27.65
2024-07-09,13:08,39.4,55,28.7,3.21,27.23
2024-07-09,13:09,39.3,56,28.9,3.13,27.59
2024-07-09,13:10,39.2,57,29.1,3.04,27.94
2024-07-09,13:11,39.2,57,29.1,3.03,27.87
2024-07-09,13:12,39.1,57,29.0,3.02,27.8
2024-07-09,13:13,39.2,57,29.1,3.03,27.87
2024-07-09,13:14,39.2,57,29.1,3.04,27.94
2024-07-09,13:15,39.3,57,29.2,3.05,28.01
2024-07-09,13:16,39.3,57,29.2,3.05,28.08
2024-07-09,13:17,39.3,57,29.3,3.06,28.15
2024-07-09,13:18,39.4,57,29.3,3.07,28.22
2024-07-09,13:19,39.4,57,29.3,3.07,28.22
2024-07-09,13:20,39.4,57,29.3,3.07,28.22
2024-07-09,13:21,39.4,57,29.3,3.07,28.22
2024-07-09,13:22,39.4,57,29.3,3.07,28.22
2024-07-09,13:23,39.3,57,29.3,3.06,28.15
2024-07-09,13:24,39.3,57,29.2,3.05,28.08
2024-07-09,13:25,39.4,57,29.3,3.07,28.22
2024-07-09,13:26,39.5,57,29.4,3.09,28.37
2024-07-09,13:27,39.6,57,29.5,3.1,28.51
2024-07-09,13:28,39.7,57,29.6,3.12,28.65
2024-07-09,13:29,39.8,55,29.1,3.29,27.86
2024-07-09,13:30,40.0,54,28.9,3.39,27.56
2024-07-09,13:31,40.0,55,29.2,3.32,28.07
2024-07-09,13:32,40.0,57,29.9,3.17,29.09
2024-07-09,13:33,40.0,56,29.6,3.25,28.65
2024-07-09,13:34,40.1,56,29.6,3.26,28.72
2024-07-09,13:35,40.2,56,29.7,3.27,28.79
2024-07-09,13:36,40.2,56,29.7,3.28,28.86
2024-07-09,13:37,40.2,56,29.7,3.28,28.86
2024-07-09,13:38,40.2,56,29.7,3.28,28.86
2024-07-09,13:39,40.3,55,29.5,3.36,28.42
2024-07-09,13:40,40.3,55,29.5,3.37,28.49
2024-07-09,13:41,40.3,55,29.6,3.38,28.56
2024-07-09,13:42,40.4,55,29.6,3.39,28.63
2024-07-09,13:43,40.5,55,29.7,3.4,28.7
2024-07-09,13:44,40.5,55,29.7,3.41,28.78
2024-07-09,13:45,40.6,53,29.2,3.58,27.87
2024-07-09,13:46,40.7,52,28.9,3.67,27.48
2024-07-09,13:47,40.7,52,28.9,3.67,27.48
2024-07-09,13:48,40.7,53,29.2,3.6,28.01
2024-07-09,13:49,40.6,53,29.1,3.57,27.8
2024-07-09,13:50,40.4,53,29.0,3.54,27.59
2024-07-09,13:51,40.2,53,28.8,3.5,27.32
2024-07-09,13:52,40.0,54,28.9,3.39,27.56
2024-07-09,13:53,39.8,54,28.7,3.36,27.28
2024-07-09,13:54,39.6,54,28.6,3.32,27.01
2024-07-09,13:55,39.4,54,28.4,3.29,26.74
2024-07-09,13:56,39.2,55,28.5,3.18,26.96
2024-07-09,13:57,39.2,55,28.5,3.17,26.89
2024-07-09,13:58,39.1,56,28.7,3.09,27.31
2024-07-09,13:59,39.0,56,28.6,3.08,27.17
2024-07-09,14:00,38.9,56,28.5,3.06,27.04
2024-07-09,14:01,38.8,56,28.5,3.05,26.97
2024-07-09,14:02,38.8,56,28.4,3.04,26.9
2024-07-09,14:03,38.8,56,28.4,3.04,26.9
2024-07-09,14:04,38.8,56,28.4,3.04,26.9
2024-07-09,14:05,38.8,56,28.4,3.04,26.9
2024-07-09,14:06,38.8,56,28.4,3.04,26.9
2024-07-09,14:07,38.8,56,28.4,3.04,26.83
2024-07-09,14:08,38.7,56,28.3,3.03,26.77
2024-07-09,14:09,38.7,56,28.3,3.02,26.7
2024-07-09,14:10,38.6,57,28.6,2.94,27.11
2024-07-09,14:11,38.5,57,28.5,2.93,27.04
2024-07-09,14:12,38.5,57,28.5,2.93,26.97
2024-07-09,14:13,38.4,57,28.4,2.91,26.83
2024-07-09,14:14,38.3,58,28.6,2.83,27.17
2024-07-09,14:15,38.3,58,28.5,2.82,27.1
2024-07-09,14:16,38.2,58,28.5,2.81,27.03
2024-07-09,14:17,38.3,58,28.5,2.82,27.1
2024-07-09,14:18,38.3,59,28.9,2.76,27.63
2024-07-09,14:19,38.3,59,28.8,2.75,27.56
2024-07-09,14:20,38.2,59,28.8,2.75,27.49
2024-07-09,14:21,38.2,59,28.7,2.74,27.42
2024-07-09,14:22,38.1,59,28.7,2.73,27.35
2024-07-09,14:23,38.0,59,28.6,2.72,27.28
2024-07-09,14:24,38.0,59,28.6,2.72,27.22
2024-07-09,14:25,38.0,60,28.8,2.64,27.61
2024-07-09,14:26,37.9,61,29.1,2.57,28.0
2024-07-09,14:27,38.0,61,29.1,2.58,28.07
2024-07-09,14:28,38.0,61,29.2,2.58,28.14
2024-07-09,14:29,38.0,60,28.9,2.65,27.68
2024-07-09,14:30,38.0,60,28.9,2.65,27.68
2024-07-09,14:31,38.0,60,28.8,2.64,27.61
2024-07-09,14:32,37.9,60,28.8,2.64,27.54
2024-07-09,14:33,37.9,60,28.8,2.64,27.54
2024-07-09,14:34,37.9,60,28.8,2.64,27.54
2024-07-09,14:35,38.0,60,28.9,2.65,27.68
2024-07-09,14:36,38.1,60,29.0,2.66,27.82
2024-07-09,14:37,38.2,60,29.0,2.67,27.89
2024-07-09,14:38,38.2,60,29.1,2.68,27.96
2024-07-09,14:39,38.2,59,28.8,2.75,27.49
2024-07-09,14:40,38.2,59,28.8,2.75,27.49
2024-07-09,14:41,38.3,59,28.8,2.75,27.56
2024-07-09,14:42,38.3,59,28.9,2.76,27.63
2024-07-09,14:43,38.3,59,28.9,2.76,27.63
2024-07-09,14:44,38.3,59,28.9,2.76,27.63
2024-07-09,14:45,38.3,59,28.9,2.76,27.63
2024-07-09,14:46,38.3,59,28.9,2.76,27.63
2024-07-09,14:47,38.3,59,28.9,2.76,27.63
2024-07-09,14:48,38.3,59,28.9,2.76,27.63
2024-07-09,14:49,38.3,59,28.9,2.76,27.63
2024-07-09,14:50,38.3,59,28.9,2.76,27.63
2024-07-09,14:51,38.3,59,28.9,2.77,27.7
2024-07-09,14:52,38.4,59,29.0,2.78,27.77
2024-07-09,14:53,38.4,59,29.0,2.78,27.77
2024-07-09,14:54,38.4,59,29.0,2.78,27.77
2024-07-09,14:55,38.4,59,29.0,2.78,27.77
2024-07-09,14:56,38.4,59,29.0,2.78,27.77
2024-07-09,14:57,38.3,59,28.9,2.77,27.7
2024-07-09,14:58,38.3,59,28.9,2.76,27.63
2024-07-09,14:59,38.3,59,28.9,2.76,27.63
2024-07-09,15:00,38.3,59,28.9,2.76,27.63
2024-07-09,15:01,38.3,59,28.8,2.75,27.56
2024-07-09,15:02,38.2,59,28.8,2.75,27.49
2024-07-09,15:03,38.2,59,28.8,2.75,27.49
2024-07-09,15:04,38.2,59,28.8,2.75,27.49
2024-07-09,15:05,38.2,59,28.8,2.75,27.49
2024-07-09,15:06,38.2,59,28.8,2.75,27.49
2024-07-09,15:07,38.2,59,28.8,2.75,27.49
2024-07-09,15:08,38.2,59,28.8,2.75,27.49
2024-07-09,15:09,38.3,59,28.9,2.77,27.7
2024-07-09,15:10,38.5,59,29.1,2.79,27.92
2024-07-09,15:11,38.5,59,29.1,2.8,27.99
2024-07-09,15:12,38.6,59,29.2,2.81,28.06
2024-07-09,15:13,38.7,59,29.2,2.82,28.2
2024-07-09,15:14,38.8,59,29.3,2.84,28.34
2024-07-09,15:15,38.8,59,29.3,2.84,28.34
2024-07-09,15:16,38.8,59,29.3,2.84,28.34
2024-07-09,15:17,38.8,59,29.4,2.84,28.41
2024-07-09,15:18,38.9,59,29.4,2.85,28.49
2024-07-09,15:19,38.9,58,29.1,2.92,28.0
2024-07-09,15:20,38.9,57,28.8,2.99,27.52
2024-07-09,15:21,38.8,57,28.8,2.98,27.45
2024-07-09,15:22,38.8,57,28.7,2.97,27.38
2024-07-09,15:23,38.8,57,28.7,2.97,27.38
2024-07-09,15:24,38.8,58,29.0,2.9,27.86
2024-07-09,15:25,38.7,58,28.9,2.89,27.72
2024-07-09,15:26,38.6,58,28.9,2.87,27.58
2024-07-09,15:27,38.5,58,28.8,2.87,27.51
2024-07-09,15:28,38.5,58,28.8,2.86,27.44
2024-07-09,15:29,38.4,58,28.7,2.84,27.3
2024-07-09,15:30,38.3,58,28.6,2.83,27.17
2024-07-09,15:31,38.1,58,28.4,2.8,26.89
2024-07-09,15:32,37.9,59,28.5,2.7,27.08
2024-07-09,15:33,37.8,59,28.4,2.68,26.87
2024-07-09,15:34,37.6,59,28.2,2.66,26.67
2024-07-09,15:35,37.5,59,28.2,2.65,26.6
2024-07-09,15:36,37.5,59,28.1,2.64,26.53
2024-07-09,15:37,37.5,59,28.1,2.64,26.46
2024-07-09,15:38,37.4,59,28.0,2.63,26.4
2024-07-09,15:39,37.4,59,28.0,2.63,26.4
2024-07-09,15:40,37.4,60,28.3,2.57,26.84
2024-07-09,15:41,37.4,60,28.3,2.57,26.84
2024-07-09,15:42,37.4,60,28.3,2.57,26.84
2024-07-09,15:43,37.4,60,28.3,2.57,26.84
2024-07-09,15:44,37.4,60,28.3,2.57,26.84
2024-07-09,15:45,37.3,60,28.2,2.54,26.64
2024-07-09,15:46,37.1,60,28.0,2.52,26.43
2024-07-09,15:47,36.9,60,27.9,2.5,26.23
2024-07-09,15:48,36.8,61,28.0,2.42,26.46
2024-07-09,15:49,36.7,61,27.9,2.41,26.33
2024-07-09,15:50,36.6,61,27.9,2.39,26.19
2024-07-09,15:51,36.4,61,27.7,2.37,25.93
2024-07-09,15:52,36.2,61,27.5,2.34,25.66
2024-07-09,15:53,36.0,61,27.3,2.32,25.4
2024-07-09,15:54,35.8,62,27.4,2.23,25.55
2024-07-09,15:55,35.6,63,27.5,2.15,25.69
2024-07-09,15:56,35.4,65,27.8,2.01,26.24
2024-07-09,15:57,35.3,65,27.7,2.0,26.1
2024-07-09,15:58,35.2,65,27.6,1.99,25.96
2024-07-09,15:59,35.0,65,27.4,1.97,25.7
2024-07-09,16:00,34.8,65,27.2,1.95,25.43
2024-07-09,16:01,34.7,65,27.1,1.94,25.3
2024-07-09,16:02,34.6,65,27.1,1.92,25.17
2024-07-09,16:03,34.5,65,27.0,1.91,25.03
2024-07-09,16:04,34.4,65,26.9,1.9,24.9
2024-07-09,16:05,34.3,65,26.8,1.9,24.84
2024-07-09,16:06,34.3,66,27.0,1.84,25.16
2024-07-09,16:07,34.3,66,27.0,1.83,25.09
2024-07-09,16:08,34.2,66,26.9,1.83,25.02
2024-07-09,16:09,34.2,66,26.9,1.82,24.96
2024-07-09,16:10,34.1,66,26.8,1.82,24.89
2024-07-09,16:11,34.0,67,27.0,1.76,25.2
2024-07-09,16:12,34.0,69,27.5,1.65,25.89
2024-07-09,16:13,34.0,69,27.5,1.64,25.82
2024-07-09,16:14,33.9,69,27.4,1.64,25.75
2024-07-09,16:15,33.8,69,27.4,1.64,25.69
2024-07-09,16:16,33.8,69,27.3,1.63,25.62
2024-07-09,16:17,33.8,69,27.3,1.63,25.62
2024-07-09,16:18,33.8,69,27.3,1.63,25.62
2024-07-09,16:19,33.7,69,27.2,1.62,25.48
2024-07-09,16:20,33.6,69,27.1,1.61,25.35
2024-07-09,16:21,33.5,69,27.0,1.6,25.22
2024-07-09,16:22,33.4,69,26.9,1.59,25.09
2024-07-09,16:23,33.3,69,26.9,1.59,25.02
2024-07-09,16:24,33.3,69,26.8,1.59,24.95
2024-07-09,16:25,33.3,69,26.8,1.59,24.95
2024-07-09,16:26,33.3,69,26.8,1.59,24.95
2024-07-09,16:27,33.3,69,26.8,1.59,24.95
2024-07-09,16:28,33.3,69,26.8,1.59,24.95
2024-07-09,16:29,33.3,69,26.8,1.59,24.95
2024-07-09,16:30,33.3,69,26.8,1.59,24.95
2024-07-09,16:31,33.3,69,26.8,1.59,24.95
2024-07-09,16:32,33.3,69,26.8,1.59,24.95
2024-07-09,16:33,33.3,69,26.8,1.59,24.95
2024-07-09,16:34,33.3,69,26.8,1.59,24.95
2024-07-09,16:35,33.4,69,26.9,1.59,25.09
2024-07-09,16:36,33.5,69,27.0,1.6,25.22
2024-07-09,16:37,33.5,69,27.1,1.61,25.28
2024-07-09,16:38,33.6,69,27.1,1.61,25.35
2024-07-09,16:39,33.7,69,27.2,1.62,25.48
2024-07-09,16:40,33.8,69,27.3,1.63,25.62
2024-07-09,16:41,33.8,69,27.4,1.64,25.69
2024-07-09,16:42,33.9,69,27.4,1.64,25.75
2024-07-09,16:43,34.0,69,27.5,1.64,25.82
2024-07-09,16:44,34.0,69,27.5,1.65,25.89
2024-07-09,16:45,34.0,69,27.5,1.65,25.89
2024-07-09,16:46,34.0,69,27.5,1.65,25.89
2024-07-09,16:47,34.0,68,27.3,1.7,25.51
2024-07-09,16:48,34.0,68,27.3,1.7,25.51
2024-07-09,16:49,34.0,68,27.3,1.7,25.51
2024-07-09,16:50,34.0,68,27.3,1.7,25.51
2024-07-09,16:51,34.0,68,27.3,1.7,25.51
2024-07-09,16:52,34.0,68,27.3,1.7,25.51
2024-07-09,16:53,34.1,68,27.3,1.71,25.65
2024-07-09,16:54,34.2,68,27.4,1.72,25.78
2024-07-09,16:55,34.3,68,27.5,1.73,25.85
2024-07-09,16:56,34.3,68,27.5,1.73,25.92
2024-07-09,16:57,34.3,68,27.6,1.74,25.99
2024-07-09,16:58,34.4,68,27.6,1.74,26.05
2024-07-09,16:59,34.5,68,27.7,1.75,26.12
2024-07-09,17:00,34.5,68,27.7,1.75,26.19
2024-07-09,17:01,34.6,68,27.8,1.76,26.33
2024-07-09,17:02,34.7,68,27.9,1.77,26.47
2024-07-09,17:03,34.8,68,28.0,1.78,26.6
2024-07-09,17:04,34.9,68,28.1,1.79,26.74
2024-07-09,17:05,35.1,68,28.3,1.81,27.02
2024-07-09,17:06,35.3,68,28.5,1.83,27.3
2024-07-09,17:07,35.4,67,28.4,1.9,27.11
2024-07-09,17:08,35.6,66,28.3,1.98,26.92
2024-07-09,17:09,35.6,66,28.3,1.98,26.92
2024-07-09,17:10,35.6,66,28.3,1.98,26.92
2024-07-09,17:11,35.5,66,28.2,1.97,26.85
2024-07-09,17:12,35.5,66,28.2,1.97,26.78
2024-07-09,17:13,35.5,66,28.2,1.97,26.78
2024-07-09,17:14,35.5,66,28.2,1.97,26.78
2024-07-09,17:15,35.5,66,28.2,1.97,26.78
2024-07-09,17:16,35.5,66,28.2,1.97,26.78
2024-07-09,17:17,35.5,66,28.2,1.97,26.85
2024-07-09,17:18,35.6,66,28.3,1.98,26.92
2024-07-09,17:19,35.7,66,28.4,1.99,27.06
2024-07-09,17:20,35.8,66,28.5,2.0,27.2
2024-07-09,17:21,35.8,66,28.5,2.0,27.27
2024-07-09,17:22,35.9,66,28.5,2.01,27.34
2024-07-09,17:23,36.0,66,28.6,2.01,27.41
2024-07-09,17:24,36.0,66,28.6,2.02,27.48
2024-07-09,17:25,36.0,64,28.2,2.14,26.72
2024-07-09,17:26,36.1,63,27.9,2.21,26.37
2024-07-09,17:27,36.0,64,28.2,2.14,26.72
2024-07-09,17:28,36.0,65,28.4,2.08,27.06
2024-07-09,17:29,36.0,65,28.3,2.07,26.99
2024-07-09,17:30,35.9,65,28.3,2.07,26.92
2024-07-09,17:31,35.9,65,28.3,2.07,26.92
2024-07-09,17:32,35.9,65,28.3,2.07,26.92
2024-07-09,17:33,36.0,65,28.3,2.07,26.99
2024-07-09,17:34,36.0,65,28.4,2.08,27.06
2024-07-09,17:35,36.0,65,28.4,2.08,27.13
2024-07-09,17:36,36.1,65,28.5,2.09,27.2
2024-07-09,17:37,36.2,65,28.5,2.1,27.27
2024-07-09,17:38,36.2,65,28.6,2.1,27.34
2024-07-09,17:39,36.2,65,28.6,2.1,27.34
2024-07-09,17:40,36.2,65,28.6,2.1,27.34
2024-07-09,17:41,36.2,65,28.5,2.1,27.27
2024-07-09,17:42,36.1,65,28.5,2.09,27.2
2024-07-09,17:43,36.0,65,28.4,2.08,27.13
2024-07-09,17:44,36.0,65,28.4,2.08,27.06
2024-07-09,17:45,36.0,65,28.3,2.07,26.99
2024-07-09,17:46,35.9,65,28.3,2.07,26.92
2024-07-09,17:47,35.8,65,28.2,2.06,26.85
2024-07-09,17:48,35.8,65,28.2,2.06,26.78
2024-07-09,17:49,35.7,65,28.1,2.05,26.65
2024-07-09,17:50,35.6,65,28.0,2.03,26.51
2024-07-09,17:51,35.6,65,28.0,2.03,26.51
2024-07-09,17:52,35.6,65,28.0,2.03,26.51
2024-07-09,17:53,35.6,65,28.0,2.03,26.51
2024-07-09,17:54,35.6,66,28.3,1.98,26.92
2024-07-09,17:55,35.5,66,28.2,1.97,26.85
2024-07-09,17:56,35.5,66,28.2,1.97,26.78
2024-07-09,17:57,35.5,66,28.1,1.96,26.71
2024-07-09,17:58,35.4,66,28.1,1.95,26.64
2024-07-09,17:59,35.4,66,28.1,1.95,26.64
2024-07-09,18:00,35.4,66,28.1,1.95,26.64
2024-07-09,18:01,35.4,66,28.1,1.95,26.64
2024-07-09,18:02,35.4,66,28.1,1.95,26.64
2024-07-09,18:03,35.4,66,28.1,1.95,26.64
2024-07-09,18:04,35.4,66,28.1,1.95,26.64
2024-07-09,18:05,35.4,66,28.1,1.95,26.64
2024-07-09,18:06,35.4,67,28.3,1.9,27.04
2024-07-09,18:07,35.4,67,28.3,1.9,27.04
2024-07-09,18:08,35.4,67,28.3,1.9,27.04
2024-07-09,18:09,35.4,67,28.3,1.9,27.04
2024-07-09,18:10,35.4,67,28.3,1.9,27.04
2024-07-09,18:11,35.4,67,28.3,1.9,27.04
2024-07-09,18:12,35.4,67,28.3,1.9,27.04
2024-07-09,18:13,35.3,67,28.3,1.89,26.97
2024-07-09,18:14,35.3,67,28.2,1.89,26.9
2024-07-09,18:15,35.3,67,28.2,1.88,26.83
2024-07-09,18:16,35.2,67,28.1,1.88,26.76
2024-07-09,18:17,35.2,67,28.1,1.88,26.76
2024-07-09,18:18,35.2,67,28.1,1.88,26.76
2024-07-09,18:19,35.2,67,28.1,1.87,26.69
2024-07-09,18:20,35.1,67,28.0,1.87,26.62
2024-07-09,18:21,35.0,67,28.0,1.86,26.56
2024-07-09,18:22,35.0,67,28.0,1.86,26.49
2024-07-09,18:23,35.0,67,27.9,1.85,26.42
2024-07-09,18:24,34.9,68,28.1,1.79,26.74
2024-07-09,18:25,34.9,68,28.1,1.79,26.74
2024-07-09,18:26,34.9,68,28.1,1.79,26.74
2024-07-09,18:27,35.0,68,28.2,1.79,26.81
2024-07-09,18:28,35.0,68,28.2,1.8,26.88
2024-07-09,18:29,35.0,67,28.0,1.86,26.56
2024-07-09,18:30,35.1,67,28.0,1.87,26.62
2024-07-09,18:31,35.2,67,28.1,1.87,26.69
2024-07-09,18:32,35.2,67,28.1,1.88,26.76
2024-07-09,18:33,35.2,67,28.1,1.88,26.76
2024-07-09,18:34,35.2,67,28.1,1.88,26.76
2024-07-09,18:35,35.2,67,28.1,1.88,26.76
2024-07-09,18:36,35.2,67,28.1,1.88,26.76
2024-07-09,18:37,35.2,67,28.1,1.88,26.76
2024-07-09,18:38,35.2,68,28.4,1.82,27.16
2024-07-09,18:39,35.2,68,28.4,1.82,27.16
2024-07-09,18:40,35.2,68,28.4,1.82,27.16
2024-07-09,18:41,35.2,68,28.4,1.82,27.16
2024-07-09,18:42,35.2,68,28.4,1.82,27.16
2024-07-09,18:43,35.3,68,28.5,1.83,27.3
2024-07-09,18:44,35.4,68,28.6,1.84,27.45
2024-07-09,18:45,35.4,68,28.6,1.84,27.45
2024-07-09,18:46,35.4,68,28.6,1.84,27.45
2024-07-09,18:47,35.3,68,28.5,1.83,27.38
2024-07-09,18:48,35.3,68,28.5,1.83,27.3
2024-07-09,18:49,35.3,68,28.4,1.82,27.23
2024-07-09,18:50,35.2,68,28.4,1.82,27.16
2024-07-09,18:51,35.2,68,28.4,1.82,27.16
2024-07-09,18:52,35.2,68,28.4,1.82,27.16
2024-07-09,18:53,35.2,68,28.4,1.82,27.16
2024-07-09,18:54,35.2,68,28.4,1.82,27.16
2024-07-09,18:55,35.3,68,28.5,1.83,27.3
2024-07-09,18:56,35.4,68,28.6,1.84,27.45
2024-07-09,18:57,35.4,68,28.6,1.84,27.45
2024-07-09,18:58,35.4,68,28.6,1.84,27.45
2024-07-09,18:59,35.4,68,28.6,1.84,27.45
2024-07-09,19:00,35.4,68,28.6,1.84,27.45
2024-07-09,19:01,35.4,68,28.6,1.84,27.45
2024-07-09,19:02,35.4,68,28.6,1.84,27.45
2024-07-09,19:03,35.4,68,28.6,1.84,27.45
2024-07-09,19:04,35.4,68,28.6,1.84,27.45
2024-07-09,19:05,35.4,68,28.6,1.84,27.45
2024-07-09,19:06,35.4,68,28.6,1.84,27.45
2024-07-09,19:07,35.4,68,28.6,1.84,27.45
2024-07-09,19:08,35.4,68,28.6,1.84,27.45
2024-07-09,19:09,35.4,68,28.6,1.84,27.45
2024-07-09,19:10,35.4,68,28.6,1.84,27.45
2024-07-09,19:11,35.4,68,28.6,1.84,27.45
2024-07-09,19:12,35.4,68,28.6,1.84,27.45
2024-07-09,19:13,35.5,68,28.7,1.85,27.59
2024-07-09,19:14,35.6,68,28.8,1.86,27.73
2024-07-09,19:15,35.6,67,28.5,1.92,27.32
2024-07-09,19:16,35.6,67,28.5,1.92,27.32
2024-07-09,19:17,35.6,67,28.5,1.92,27.32
2024-07-09,19:18,35.6,67,28.5,1.92,27.32
2024-07-09,19:19,35.6,67,28.5,1.92,27.32
2024-07-09,19:20,35.6,67,28.5,1.92,27.32
2024-07-09,19:21,35.6,67,28.5,1.92,27.32
2024-07-09,19:22,35.6,67,28.5,1.92,27.32
2024-07-09,19:23,35.7,67,28.6,1.92,27.4
2024-07-09,19:24,35.7,67,28.6,1.93,27.47
2024-07-09,19:25,35.7,67,28.6,1.92,27.4
2024-07-09,19:26,35.6,67,28.5,1.92,27.32
2024-07-09,19:27,35.6,67,28.5,1.92,27.32
2024-07-09,19:28,35.6,68,28.8,1.86,27.73
2024-07-09,19:29,35.5,67,28.4,1.91,27.18
2024-07-09,19:30,35.4,67,28.3,1.9,27.04
2024-07-09,19:31,35.3,67,28.3,1.89,26.97
2024-07-09,19:32,35.3,67,28.2,1.89,26.9
2024-07-09,19:33,35.3,67,28.2,1.89,26.9
2024-07-09,19:34,35.3,68,28.5,1.83,27.3
2024-07-09,19:35,35.3,68,28.5,1.83,27.38
2024-07-09,19:36,35.4,68,28.6,1.84,27.45
2024-07-09,19:37,35.4,68,28.6,1.84,27.45
2024-07-09,19:38,35.4,68,28.6,1.84,27.45
2024-07-09,19:39,35.4,68,28.6,1.84,27.45
2024-07-09,19:40,35.4,68,28.6,1.84,27.45
2024-07-09,19:41,35.4,68,28.6,1.84,27.45
2024-07-09,19:42,35.4,68,28.6,1.84,27.45
2024-07-09,19:43,35.4,68,28.6,1.84,27.45
2024-07-09,19:44,35.4,68,28.6,1.84,27.45
2024-07-09,19:45,35.3,68,28.5,1.83,27.38
2024-07-09,19:46,35.3,68,28.5,1.83,27.3
2024-07-09,19:47,35.3,68,28.5,1.83,27.3
2024-07-09,19:48,35.3,68,28.5,1.83,27.3
2024-07-09,19:49,35.3,68,28.4,1.82,27.23
2024-07-09,19:50,35.2,68,28.4,1.82,27.16
2024-07-09,19:51,35.2,68,28.3,1.81,27.09
2024-07-09,19:52,35.1,68,28.3,1.81,27.02
2024-07-09,19:53,35.0,68,28.3,1.8,26.95
2024-07-09,19:54,35.0,68,28.2,1.8,26.88
2024-07-09,19:55,34.9,68,28.1,1.79,26.74
2024-07-09,19:56,34.8,69,28.3,1.72,26.99
2024-07-09,19:57,34.8,69,28.2,1.72,26.92
2024-07-09,19:58,34.7,69,28.2,1.71,26.85
2024-07-09,19:59,34.7,69,28.2,1.71,26.85
2024-07-09,20:00,34.7,70,28.4,1.66,27.24
2024-07-09,20:01,34.7,70,28.4,1.65,27.17
2024-07-09,20:02,34.6,70,28.3,1.65,27.1
2024-07-09,20:03,34.6,70,28.3,1.65,27.1
2024-07-09,20:04,34.6,70,28.3,1.65,27.1
2024-07-09,20:05,34.6,70,28.3,1.65,27.1
2024-07-09,20:06,34.6,70,28.3,1.65,27.1
2024-07-09,20:07,34.6,70,28.3,1.65,27.1
2024-07-09,20:08,34.6,70,28.3,1.65,27.1
2024-07-09,20:09,34.5,70,28.3,1.65,27.03
2024-07-09,20:10,34.5,70,28.2,1.64,26.96
2024-07-09,20:11,34.5,70,28.2,1.64,26.89
2024-07-09,20:12,34.4,70,28.1,1.63,26.82
2024-07-09,20:13,34.4,70,28.1,1.63,26.82
2024-07-09,20:14,34.4,70,28.1,1.63,26.82
2024-07-09,20:15,34.3,70,28.1,1.63,26.75
2024-07-09,20:16,34.3,71,28.3,1.57,27.06
2024-07-09,20:17,34.3,71,28.3,1.57,27.06
2024-07-09,20:18,34.3,71,28.3,1.57,27.06
2024-07-09,20:19,34.3,71,28.2,1.56,26.99
2024-07-09,20:20,34.2,71,28.2,1.56,26.92
2024-07-09,20:21,34.2,71,28.2,1.56,26.92
2024-07-09,20:22,34.2,71,28.2,1.56,26.92
2024-07-09,20:23,34.2,71,28.1,1.56,26.85
2024-07-09,20:24,34.1,71,28.1,1.55,26.78
2024-07-09,20:25,34.1,71,28.1,1.55,26.78
2024-07-09,20:26,34.1,71,28.1,1.55,26.78
2024-07-09,20:27,34.0,71,28.0,1.55,26.71
2024-07-09,20:28,34.0,71,28.0,1.54,26.64
2024-07-09,20:29,34.0,71,27.9,1.54,26.57
2024-07-09,20:30,33.9,72,28.1,1.48,26.87
2024-07-09,20:31,33.8,72,28.1,1.48,26.8
2024-07-09,20:32,33.8,72,28.0,1.47,26.73
2024-07-09,20:33,33.8,72,28.0,1.47,26.73
2024-07-09,20:34,33.8,72,28.0,1.47,26.73
2024-07-09,20:35,33.8,72,28.0,1.47,26.66
2024-07-09,20:36,33.7,72,27.9,1.46,26.59
2024-07-09,20:37,33.7,72,27.9,1.46,26.52
2024-07-09,20:38,33.6,72,27.8,1.46,26.45
2024-07-09,20:39,33.6,72,27.8,1.46,26.45
2024-07-09,20:40,33.6,73,28.1,1.4,26.82
2024-07-09,20:41,33.5,73,28.0,1.4,26.75
2024-07-09,20:42,33.5,73,28.0,1.4,26.68
2024-07-09,20:43,33.5,73,27.9,1.39,26.61
2024-07-09,20:44,33.4,73,27.9,1.39,26.54
2024-07-09,20:45,33.4,73,27.9,1.39,26.54
2024-07-09,20:46,33.4,73,27.9,1.39,26.54
2024-07-09,20:47,33.3,73,27.8,1.38,26.47
2024-07-09,20:48,33.3,73,27.8,1.38,26.4
2024-07-09,20:49,33.3,73,27.8,1.38,26.4
2024-07-09,20:50,33.3,73,27.8,1.38,26.4
2024-07-09,20:51,33.3,73,27.8,1.38,26.33
2024-07-09,20:52,33.2,73,27.7,1.37,26.26
2024-07-09,20:53,33.2,73,27.7,1.37,26.19
2024-07-09,20:54,33.1,73,27.6,1.37,26.12
2024-07-09,20:55,33.1,73,27.6,1.37,26.12
2024-07-09,20:56,33.1,74,27.8,1.32,26.48
2024-07-09,20:57,33.0,74,27.8,1.31,26.41
2024-07-09,20:58,33.0,74,27.7,1.31,26.34
2024-07-09,20:59,33.0,75,28.0,1.26,26.7
2024-07-09,21:00,33.0,76,28.2,1.21,27.05
2024-07-09,21:01,33.0,76,28.2,1.2,26.98
2024-07-09,21:02,32.9,76,28.1,1.2,26.91
2024-07-09,21:03,32.9,76,28.1,1.2,26.91
2024-07-09,21:04,32.9,76,28.1,1.2,26.91
2024-07-09,21:05,32.8,76,28.1,1.2,26.84
2024-07-09,21:06,32.8,76,28.0,1.19,26.77
2024-07-09,21:07,32.8,76,28.0,1.19,26.77
2024-07-09,21:08,32.8,76,28.0,1.19,26.77
2024-07-09,21:09,32.8,76,28.0,1.19,26.7
2024-07-09,21:10,32.7,76,27.9,1.19,26.63
2024-07-09,21:11,32.7,75,27.7,1.24,26.28
2024-07-09,21:12,32.7,75,27.7,1.24,26.28
2024-07-09,21:13,32.7,75,27.7,1.24,26.28
2024-07-09,21:14,32.7,75,27.7,1.24,26.28
2024-07-09,21:15,32.7,75,27.6,1.23,26.21
2024-07-09,21:16,32.6,75,27.6,1.23,26.14
2024-07-09,21:17,32.5,75,27.5,1.23,26.07
2024-07-09,21:18,32.5,75,27.5,1.22,26.0
2024-07-09,21:19,32.5,75,27.5,1.22,26.0
2024-07-09,21:20,32.5,75,27.5,1.22,26.0
2024-07-09,21:21,32.5,75,27.4,1.22,25.93
2024-07-09,21:22,32.4,75,27.4,1.22,25.86
2024-07-09,21:23,32.4,75,27.4,1.22,25.86
2024-07-09,21:24,32.4,75,27.4,1.22,25.86
2024-07-09,21:25,32.3,75,27.3,1.21,25.79
2024-07-09,21:26,32.3,75,27.3,1.21,25.73
2024-07-09,21:27,32.3,75,27.3,1.21,25.66
2024-07-09,21:28,32.2,75,27.2,1.2,25.59
2024-07-09,21:29,32.2,75,27.2,1.2,25.59
2024-07-09,21:30,32.2,75,27.2,1.2,25.59
2024-07-09,21:31,32.2,75,27.2,1.2,25.52
2024-07-09,21:32,32.1,75,27.1,1.2,25.45
2024-07-09,21:33,32.1,75,27.1,1.2,25.45
2024-07-09,21:34,32.1,75,27.1,1.2,25.45
2024-07-09,21:35,32.0,75,27.1,1.19,25.39
2024-07-09,21:36,32.0,75,27.0,1.19,25.32
2024-07-09,21:37,32.0,74,26.8,1.24,24.98
2024-07-09,21:38,32.0,74,26.8,1.24,24.98
2024-07-09,21:39,32.0,74,26.7,1.23,24.92
2024-07-09,21:40,31.9,74,26.7,1.23,24.85
2024-07-09,21:41,31.9,74,26.7,1.23,24.85
2024-07-09,21:42,31.9,74,26.7,1.23,24.85
2024-07-09,21:43,31.9,74,26.7,1.23,24.85
2024-07-09,21:44,31.9,74,26.7,1.23,24.85
2024-07-09,21:45,31.8,74,26.6,1.23,24.78
2024-07-09,21:46,31.8,74,26.6,1.22,24.72
2024-07-09,21:47,31.8,74,26.6,1.22,24.72
2024-07-09,21:48,31.8,74,26.6,1.22,24.72
2024-07-09,21:49,31.8,74,26.6,1.22,24.72
2024-07-09,21:50,31.8,74,26.6,1.22,24.72
2024-07-09,21:51,31.8,74,26.5,1.22,24.65
2024-07-09,21:52,31.7,74,26.5,1.22,24.59
2024-07-09,21:53,31.7,74,26.5,1.22,24.59
2024-07-09,21:54,31.7,74,26.5,1.22,24.59
2024-07-09,21:55,31.7,74,26.5,1.22,24.59
2024-07-09,21:56,31.7,74,26.5,1.22,24.59
2024-07-09,21:57,31.7,74,26.5,1.22,24.59
2024-07-09,21:58,31.7,75,26.7,1.17,24.92
2024-07-09,21:59,31.7,75,26.7,1.17,24.85
2024-07-09,22:00,31.6,75,26.6,1.16,24.78
2024-07-09,22:01,31.6,76,26.8,1.12,25.12
2024-07-09,22:02,31.6,78,27.3,1.02,25.78
2024-07-09,22:03,31.6,78,27.3,1.02,25.78
2024-07-09,22:04,31.6,78,27.3,1.02,25.78
2024-07-09,22:05,31.6,77,27.1,1.07,25.45
2024-07-09,22:06,31.6,77,27.1,1.07,25.45
2024-07-09,22:07,31.6,77,27.1,1.07,25.45
2024-07-09,22:08,31.6,77,27.1,1.07,25.45
2024-07-09,22:09,31.6,77,27.1,1.07,25.45
2024-07-09,22:10,31.6,78,27.3,1.02,25.78
2024-07-09,22:11,31.6,78,27.3,1.02,25.78
2024-07-09,22:12,31.6,78,27.3,1.02,25.78
2024-07-09,22:13,31.6,78,27.3,1.02,25.78
2024-07-09,22:14,31.6,78,27.3,1.02,25.78
2024-07-09,22:15,31.6,78,27.3,1.02,25.78
2024-07-09,22:16,31.6,78,27.3,1.02,25.78
2024-07-09,22:17,31.6,78,27.3,1.02,25.78
2024-07-09,22:18,31.6,78,27.3,1.02,25.78
2024-07-09,22:19,31.6,78,27.3,1.02,25.78
2024-07-09,22:20,31.6,79,27.5,0.98,26.11
2024-07-09,22:21,31.6,79,27.5,0.98,26.11
2024-07-09,22:22,31.6,79,27.5,0.98,26.11
2024-07-09,22:23,31.6,79,27.5,0.98,26.11
2024-07-09,22:24,31.6,79,27.5,0.98,26.11
2024-07-09,22:25,31.6,79,27.5,0.98,26.11
2024-07-09,22:26,31.6,79,27.5,0.98,26.11
2024-07-09,22:27,31.5,79,27.5,0.97,26.04
2024-07-09,22:28,31.5,79,27.4,0.97,25.97
2024-07-09,22:29,31.5,79,27.4,0.97,25.97
2024-07-09,22:30,31.5,79,27.4,0.97,25.97
2024-07-09,22:31,31.5,79,27.4,0.97,25.97
2024-07-09,22:32,31.5,79,27.4,0.97,25.97
2024-07-09,22:33,31.5,79,27.4,0.97,25.97
2024-07-09,22:34,31.5,79,27.4,0.97,25.97
2024-07-09,22:35,31.5,79,27.4,0.97,25.97
2024-07-09,22:36,31.5,79,27.4,0.97,25.97
2024-07-09,22:37,31.5,79,27.4,0.97,25.9
2024-07-09,22:38,31.4,79,27.3,0.97,25.83
2024-07-09,22:39,31.4,79,27.3,0.97,25.83
2024-07-09,22:40,31.4,79,27.3,0.97,25.83
2024-07-09,22:41,31.4,79,27.3,0.97,25.83
2024-07-09,22:42,31.4,79,27.3,0.97,25.83
2024-07-09,22:43,31.4,78,27.1,1.01,25.5
2024-07-09,22:44,31.4,78,27.1,1.01,25.5
2024-07-09,22:45,31.4,78,27.1,1.01,25.5
2024-07-09,22:46,31.4,78,27.1,1.01,25.5
2024-07-09,22:47,31.4,78,27.1,1.01,25.5
2024-07-09,22:48,31.4,78,27.1,1.01,25.5
2024-07-09,22:49,31.4,78,27.1,1.01,25.5
2024-07-09,22:50,31.4,78,27.1,1.01,25.5
2024-07-09,22:51,31.4,78,27.1,1.01,25.5
2024-07-09,22:52,31.4,78,27.1,1.01,25.5
2024-07-09,22:53,31.4,78,27.1,1.01,25.5
2024-07-09,22:54,31.4,78,27.1,1.01,25.5
2024-07-09,22:55,31.3,77,26.8,1.05,25.11
2024-07-09,22:56,31.3,77,26.8,1.05,25.04
2024-07-09,22:57,31.3,77,26.8,1.05,25.04
2024-07-09,22:58,31.3,77,26.8,1.05,25.04
2024-07-09,22:59,31.3,77,26.8,1.05,25.04
2024-07-09,23:00,31.3,78,27.0,1.01,25.37
2024-07-09,23:01,31.3,78,27.0,1.01,25.37
2024-07-09,23:02,31.3,78,27.0,1.01,25.37
2024-07-09,23:03,31.3,78,27.0,1.01,25.37
2024-07-09,23:04,31.3,78,27.0,1.01,25.37
2024-07-09,23:05,31.3,78,27.0,1.01,25.37
2024-07-09,23:06,31.3,78,27.0,1.01,25.37
2024-07-09,23:07,31.3,78,27.0,1.01,25.37
2024-07-09,23:08,31.3,78,27.0,1.01,25.37
2024-07-09,23:09,31.3,78,27.0,1.01,25.37
2024-07-09,23:10,31.3,78,27.0,1.01,25.37
2024-07-09,23:11,31.3,78,27.0,1.01,25.37
2024-07-09,23:12,31.3,78,27.0,1.01,25.37
2024-07-09,23:13,31.3,78,27.0,1.01,25.37
2024-07-09,23:14,31.3,78,27.0,1.01,25.37
2024-07-09,23:15,31.3,78,27.0,1.01,25.37
2024-07-09,23:16,31.3,78,27.0,1.01,25.37
2024-07-09,23:17,31.3,78,27.0,1.01,25.37
2024-07-09,23:18,31.3,78,27.0,1.01,25.37
2024-07-09,23:19,31.3,78,27.0,1.01,25.37
2024-07-09,23:20,31.3,79,27.2,0.96,25.69
2024-07-09,23:21,31.3,79,27.2,0.96,25.69
2024-07-09,23:22,31.3,79,27.2,0.96,25.69
2024-07-09,23:23,31.3,79,27.2,0.96,25.69
2024-07-09,23:24,31.3,79,27.2,0.96,25.69
2024-07-09,23:25,31.3,79,27.2,0.96,25.62
2024-07-09,23:26,31.2,79,27.1,0.95,25.55
2024-07-09,23:27,31.2,79,27.1,0.95,25.55
2024-07-09,23:28,31.2,79,27.1,0.95,25.55
2024-07-09,23:29,31.2,79,27.1,0.95,25.55
2024-07-09,23:30,31.2,79,27.1,0.95,25.55
2024-07-09,23:31,31.2,79,27.1,0.95,25.55
2024-07-09,23:32,31.2,80,27.3,0.91,25.88
2024-07-09,23:33,31.2,80,27.3,0.91,25.88
2024-07-09,23:34,31.2,80,27.3,0.91,25.88
2024-07-09,23:35,31.2,80,27.3,0.91,25.88
2024-07-09,23:36,31.2,80,27.3,0.91,25.88
2024-07-09,23:37,31.2,80,27.3,0.91,25.81
2024-07-09,23:38,31.1,80,27.2,0.9,25.74
2024-07-09,23:39,31.1,80,27.2,0.9,25.74
2024-07-09,23:40,31.1,80,27.2,0.9,25.74
2024-07-09,23:41,31.1,80,27.2,0.9,25.74
2024-07-09,23:42,31.1,80,27.2,0.9,25.74
2024-07-09,23:43,31.1,80,27.2,0.9,25.74
2024-07-09,23:44,31.1,80,27.2,0.9,25.74
2024-07-09,23:45,31.1,80,27.2,0.9,25.74
2024-07-09,23:46,31.1,80,27.2,0.9,25.74
2024-07-09,23:47,31.1,80,27.2,0.9,25.74
2024-07-09,23:48,31.1,80,27.2,0.9,25.74
2024-07-09,23:49,31.1,80,27.2,0.9,25.74
2024-07-09,23:50,31.1,80,27.2,0.9,25.74
2024-07-09,23:51,31.1,80,27.2,0.9,25.74
2024-07-09,23:52,31.1,80,27.2,0.9,25.74
2024-07-09,23:53,31.0,80,27.2,0.9,25.67
2024-07-09,23:54,31.0,80,27.1,0.9,25.6
2024-07-09,23:55,31.0,80,27.1,0.9,25.6
2024-07-09,23:56,31.0,80,27.1,0.9,25.6
2024-07-09,23:57,31.0,80,27.1,0.9,25.6
2024-07-09,23:58,31.0,80,27.1,0.9,25.6
2024-07-09,23:59,31.0,80,27.1,0.9,25.6
2024-07-10,00:00,31.0,80,27.1,0.9,25.6
2024-07-10,00:01,31.0,80,27.1,0.9,25.6
2024-07-10,00:02,31.0,80,27.1,0.9,25.6
2024-07-10,00:03,31.0,80,27.1,0.9,25.6
2024-07-10,00:04,31.0,80,27.1,0.9,25.6
2024-07-10,00:05,31.0,80,27.1,0.9,25.6
2024-07-10,00:06,31.0,80,27.1,0.9,25.6
2024-07-10,00:07,31.0,80,27.1,0.9,25.6
2024-07-10,00:08,31.0,81,27.4,0.85,25.92
2024-07-10,00:09,31.0,81,27.4,0.85,25.92
2024-07-10,00:10,31.0,81,27.4,0.85,25.92
2024-07-10,00:11,31.0,81,27.4,0.85,25.92
2024-07-10,00:12,31.0,81,27.4,0.85,25.92
2024-07-10,00:13,31.0,81,27.4,0.85,25.92
2024-07-10,00:14,31.0,81,27.4,0.85,25.92
2024-07-10,00:15,31.0,81,27.4,0.85,25.92
2024-07-10,00:16,31.0,81,27.4,0.85,25.92
2024-07-10,00:17,31.0,81,27.4,0.85,25.92
2024-07-10,00:18,31.0,81,27.4,0.85,25.92
2024-07-10,00:19,31.0,81,27.4,0.85,25.92
2024-07-10,00:20,31.0,81,27.4,0.85,25.92
2024-07-10,00:21,31.0,81,27.4,0.85,25.92
2024-07-10,00:22,31.0,81,27.4,0.85,25.92
2024-07-10,00:23,31.0,81,27.4,0.85,25.92
2024-07-10,00:24,31.0,81,27.4,0.85,25.92
2024-07-10,00:25,31.0,81,27.4,0.85,25.92
2024-07-10,00:26,31.0,81,27.4,0.85,25.92
2024-07-10,00:27,31.0,81,27.4,0.85,25.92
2024-07-10,00:28,31.0,81,27.4,0.85,25.92
2024-07-10,00:29,31.0,81,27.4,0.85,25.92
2024-07-10,00:30,31.0,81,27.4,0.85,25.92
2024-07-10,00:31,31.0,81,27.4,0.85,25.92
2024-07-10,00:32,31.0,81,27.4,0.85,25.92
2024-07-10,00:33,31.0,81,27.4,0.85,25.92
2024-07-10,00:34,31.0,81,27.4,0.85,25.92
2024-07-10,00:35,31.0,81,27.4,0.85,25.92
2024-07-10,00:36,31.0,81,27.4,0.85,25.92
2024-07-10,00:37,31.0,81,27.4,0.85,25.92
2024-07-10,00:38,31.0,81,27.4,0.85,25.92
2024-07-10,00:39,31.0,81,27.4,0.85,25.92
2024-07-10,00:40,31.0,81,27.4,0.85,25.92
2024-07-10,00:41,31.0,81,27.4,0.85,25.92
2024-07-10,00:42,31.0,81,27.4,0.85,25.92
2024-07-10,00:43,31.0,81,27.4,0.85,25.92
2024-07-10,00:44,31.0,81,27.4,0.85,25.92
2024-07-10,00:45,31.0,81,27.4,0.85,25.92
2024-07-10,00:46,31.0,81,27.4,0.85,25.92
2024-07-10,00:47,31.0,81,27.4,0.85,25.92
2024-07-10,00:48,31.0,81,27.4,0.85,25.92
2024-07-10,00:49,31.0,81,27.4,0.85,25.92
2024-07-10,00:50,31.0,81,27.4,0.85,25.92
2024-07-10,00:51,31.0,81,27.4,0.85,25.92
2024-07-10,00:52,31.0,81,27.4,0.85,25.92
2024-07-10,00:53,31.0,81,27.4,0.85,25.92
2024-07-10,00:54,31.0,81,27.4,0.85,25.92
2024-07-10,00:55,31.0,81,27.3,0.85,25.85
2024-07-10,00:56,30.9,81,27.3,0.85,25.78
2024-07-10,00:57,30.9,81,27.3,0.85,25.78
2024-07-10,00:58,30.9,81,27.3,0.85,25.78
2024-07-10,00:59,30.9,81,27.3,0.85,25.78
2024-07-10,01:00,30.9,81,27.3,0.85,25.78
2024-07-10,01:01,30.9,81,27.3,0.85,25.78
2024-07-10,01:02,30.9,81,27.3,0.85,25.78
2024-07-10,01:03,30.9,81,27.3,0.85,25.78
2024-07-10,01:04,30.9,82,27.5,0.8,26.1
2024-07-10,01:05,30.9,82,27.5,0.8,26.1
2024-07-10,01:06,30.9,82,27.5,0.8,26.1
2024-07-10,01:07,30.9,82,27.5,0.8,26.1
2024-07-10,01:08,30.9,82,27.5,0.8,26.1
2024-07-10,01:09,30.9,82,27.5,0.8,26.1
2024-07-10,01:10,30.9,82,27.5,0.8,26.1
2024-07-10,01:11,30.9,82,27.5,0.8,26.1
2024-07-10,01:12,30.9,82,27.5,0.8,26.1
2024-07-10,01:13,30.9,82,27.5,0.8,26.1
2024-07-10,01:14,30.9,82,27.5,0.8,26.1
2024-07-10,01:15,30.9,82,27.5,0.8,26.1
2024-07-10,01:16,30.9,82,27.5,0.8,26.1
2024-07-10,01:17,30.8,82,27.4,0.8,26.03
2024-07-10,01:18,30.8,82,27.4,0.8,25.96
2024-07-10,01:19,30.8,82,27.4,0.8,25.96
2024-07-10,01:20,30.8,82,27.4,0.8,25.96
2024-07-10,01:21,30.8,82,27.4,0.8,25.96
2024-07-10,01:22,30.8,82,27.4,0.8,25.96
2024-07-10,01:23,30.8,82,27.4,0.8,25.96
2024-07-10,01:24,30.8,82,27.4,0.8,25.96
2024-07-10,01:25,30.8,82,27.4,0.8,25.96
2024-07-10,01:26,30.8,82,27.4,0.8,25.96
2024-07-10,01:27,30.8,82,27.4,0.8,25.96
2024-07-10,01:28,30.8,82,27.4,0.8,25.96
2024-07-10,01:29,30.8,82,27.4,0.8,25.96
2024-07-10,01:30,30.8,82,27.4,0.8,25.96
2024-07-10,01:31,30.8,82,27.4,0.8,25.96
2024-07-10,01:32,30.8,82,27.4,0.8,25.96
2024-07-10,01:33,30.8,82,27.4,0.8,25.96
2024-07-10,01:34,30.8,83,27.6,0.76,26.28
2024-07-10,01:35,30.8,83,27.6,0.76,26.28
2024-07-10,01:36,30.8,83,27.6,0.76,26.28
2024-07-10,01:37,30.8,83,27.6,0.76,26.28
2024-07-10,01:38,30.8,83,27.6,0.76,26.28
2024-07-10,01:39,30.8,83,27.6,0.76,26.28
2024-07-10,01:40,30.8,83,27.6,0.76,26.28
2024-07-10,01:41,30.8,83,27.6,0.76,26.28
2024-07-10,01:42,30.8,83,27.6,0.76,26.28
2024-07-10,01:43,30.8,83,27.5,0.75,26.21
2024-07-10,01:44,30.7,83,27.5,0.75,26.14
2024-07-10,01:45,30.7,83,27.5,0.75,26.14
2024-07-10,01:46,30.7,83,27.5,0.75,26.14
2024-07-10,01:47,30.7,83,27.5,0.75,26.14
2024-07-10,01:48,30.7,83,27.5,0.75,26.14
2024-07-10,01:49,30.7,83,27.5,0.75,26.14
2024-07-10,01:50,30.7,83,27.5,0.75,26.14
2024-07-10,01:51,30.7,83,27.5,0.75,26.14
2024-07-10,01:52,30.7,83,27.5,0.75,26.14
2024-07-10,01:53,30.7,83,27.5,0.75,26.14
2024-07-10,01:54,30.7,83,27.5,0.75,26.14
2024-07-10,01:55,30.7,83,27.5,0.75,26.14
2024-07-10,01:56,30.7,83,27.5,0.75,26.14
2024-07-10,01:57,30.7,83,27.5,0.75,26.14
2024-07-10,01:58,30.7,83,27.5,0.75,26.14
2024-07-10,01:59,30.7,83,27.5,0.75,26.14
2024-07-10,02:00,30.7,83,27.5,0.75,26.14
2024-07-10,02:01,30.7,83,27.5,0.75,26.14
2024-07-10,02:02,30.7,83,27.5,0.75,26.14
2024-07-10,02:03,30.7,83,27.4,0.75,26.07
2024-07-10,02:04,30.6,83,27.4,0.75,26.0
2024-07-10,02:05,30.6,83,27.4,0.75,26.0
2024-07-10,02:06,30.6,83,27.4,0.75,26.0
2024-07-10,02:07,30.6,83,27.4,0.75,26.0
2024-07-10,02:08,30.6,83,27.4,0.75,26.0
2024-07-10,02:09,30.6,83,27.4,0.75,26.0
2024-07-10,02:10,30.6,83,27.4,0.75,26.0
2024-07-10,02:11,30.6,83,27.4,0.75,26.0
2024-07-10,02:12,30.6,83,27.4,0.75,26.0
2024-07-10,02:13,30.6,83,27.4,0.75,26.0
2024-07-10,02:14,30.6,83,27.4,0.75,26.0
2024-07-10,02:15,30.6,83,27.4,0.75,26.0
2024-07-10,02:16,30.6,83,27.4,0.75,26.0
2024-07-10,02:17,30.6,83,27.4,0.75,26.0
2024-07-10,02:18,30.6,83,27.4,0.75,26.0
2024-07-10,02:19,30.6,83,27.4,0.75,26.0
2024-07-10,02:20,30.6,83,27.4,0.75,26.0
2024-07-10,02:21,30.5,83,27.3,0.74,25.93
2024-07-10,02:22,30.5,83,27.3,0.74,25.86
2024-07-10,02:23,30.5,83,27.3,0.74,25.86
2024-07-10,02:24,30.5,83,27.3,0.74,25.86
2024-07-10,02:25,30.5,83,27.3,0.74,25.86
2024-07-10,02:26,30.5,83,27.3,0.74,25.86
2024-07-10,02:27,30.5,83,27.3,0.74,25.86
2024-07-10,02:28,30.5,83,27.3,0.74,25.86
2024-07-10,02:29,30.5,83,27.3,0.74,25.86
2024-07-10,02:30,30.5,84,27.5,0.7,26.17
2024-07-10,02:31,30.5,84,27.5,0.7,26.17
2024-07-10,02:32,30.5,84,27.5,0.7,26.17
2024-07-10,02:33,30.5,84,27.5,0.7,26.17
2024-07-10,02:34,30.5,84,27.5,0.7,26.17
2024-07-10,02:35,30.5,84,27.5,0.7,26.17
2024-07-10,02:36,30.5,84,27.5,0.7,26.17
2024-07-10,02:37,30.5,84,27.4,0.7,26.1
2024-07-10,02:38,30.4,84,27.4,0.69,26.03
2024-07-10,02:39,30.4,84,27.4,0.69,26.03
2024-07-10,02:40,30.4,84,27.4,0.69,26.03
2024-07-10,02:41,30.4,84,27.4,0.69,26.03
2024-07-10,02:42,30.4,84,27.4,0.69,26.03
2024-07-10,02:43,30.4,84,27.4,0.69,26.03
2024-07-10,02:44,30.4,84,27.4,0.69,26.03
2024-07-10,02:45,30.4,84,27.4,0.69,26.03
2024-07-10,02:46,30.4,84,27.4,0.69,26.03
2024-07-10,02:47,30.4,84,27.4,0.69,26.03
2024-07-10,02:48,30.4,84,27.4,0.69,26.03
2024-07-10,02:49,30.4,84,27.4,0.69,26.03
2024-07-10,02:50,30.4,84,27.4,0.69,26.03
2024-07-10,02:51,30.4,84,27.4,0.69,26.03
2024-07-10,02:52,30.4,84,27.4,0.69,26.03
2024-07-10,02:53,30.4,84,27.4,0.69,26.03
2024-07-10,02:54,30.4,84,27.4,0.69,26.03
2024-07-10,02:55,30.3,84,27.3,0.69,25.96
2024-07-10,02:56,30.3,84,27.3,0.69,25.89
2024-07-10,02:57,30.3,84,27.3,0.69,25.89
2024-07-10,02:58,30.3,84,27.3,0.69,25.89
2024-07-10,02:59,30.3,84,27.3,0.69,25.89
2024-07-10,03:00,30.3,84,27.3,0.69,25.89
2024-07-10,03:01,30.3,84,27.3,0.69,25.89
2024-07-10,03:02,30.3,84,27.3,0.69,25.89
2024-07-10,03:03,30.3,84,27.3,0.69,25.89
2024-07-10,03:04,30.3,84,27.3,0.69,25.89
2024-07-10,03:05,30.3,84,27.3,0.69,25.89
2024-07-10,03:06,30.3,84,27.3,0.69,25.89
2024-07-10,03:07,30.3,84,27.3,0.69,25.89
2024-07-10,03:08,30.3,84,27.3,0.69,25.89
2024-07-10,03:09,30.3,84,27.3,0.69,25.89
2024-07-10,03:10,30.3,85,27.5,0.65,26.2
2024-07-10,03:11,30.3,85,27.4,0.65,26.13
2024-07-10,03:12,30.2,85,27.4,0.64,26.06
2024-07-10,03:13,30.2,85,27.4,0.64,26.06
2024-07-10,03:14,30.2,85,27.4,0.64,26.06
2024-07-10,03:15,30.2,85,27.4,0.64,26.06
2024-07-10,03:16,30.2,85,27.4,0.64,26.06
2024-07-10,03:17,30.2,85,27.4,0.64,26.06
2024-07-10,03:18,30.2,85,27.4,0.64,26.06
2024-07-10,03:19,30.2,85,27.4,0.64,26.06
2024-07-10,03:20,30.2,85,27.4,0.64,26.06
2024-07-10,03:21,30.2,85,27.4,0.64,26.06
2024-07-10,03:22,30.2,85,27.4,0.64,26.06
2024-07-10,03:23,30.2,85,27.4,0.64,26.06
2024-07-10,03:24,30.2,85,27.4,0.64,26.06
2024-07-10,03:25,30.2,85,27.4,0.64,26.06
2024-07-10,03:26,30.2,85,27.4,0.64,26.06
2024-07-10,03:27,30.2,85,27.4,0.64,26.06
2024-07-10,03:28,30.2,85,27.4,0.64,26.06
2024-07-10,03:29,30.2,85,27.3,0.64,25.99
2024-07-10,03:30,30.1,85,27.3,0.64,25.92
2024-07-10,03:31,30.1,85,27.3,0.64,25.92
2024-07-10,03:32,30.1,85,27.3,0.64,25.92
2024-07-10,03:33,30.1,85,27.3,0.64,25.92
2024-07-10,03:34,30.1,85,27.3,0.64,25.92
2024-07-10,03:35,30.1,85,27.3,0.64,25.92
2024-07-10,03:36,30.1,85,27.3,0.64,25.92
2024-07-10,03:37,30.0,85,27.2,0.64,25.85
2024-07-10,03:38,30.0,85,27.2,0.64,25.78
2024-07-10,03:39,30.0,85,27.2,0.64,25.78
2024-07-10,03:40,30.0,85,27.2,0.64,25.78
2024-07-10,03:41,30.0,85,27.2,0.64,25.78
2024-07-10,03:42,30.0,85,27.2,0.64,25.78
2024-07-10,03:43,30.0,85,27.2,0.64,25.78
2024-07-10,03:44,30.0,85,27.2,0.64,25.78
2024-07-10,03:45,30.0,85,27.2,0.64,25.78
2024-07-10,03:46,30.0,85,27.2,0.64,25.78
2024-07-10,03:47,30.0,85,27.2,0.64,25.78
2024-07-10,03:48,30.0,85,27.2,0.64,25.78
2024-07-10,03:49,30.0,85,27.2,0.64,25.78
2024-07-10,03:50,30.0,85,27.2,0.64,25.78
2024-07-10,03:51,30.0,85,27.2,0.63,25.71
2024-07-10,03:52,29.9,85,27.1,0.63,25.64
2024-07-10,03:53,29.9,85,27.1,0.63,25.64
2024-07-10,03:54,29.9,85,27.1,0.63,25.64
2024-07-10,03:55,29.9,85,27.1,0.63,25.64
2024-07-10,03:56,29.9,85,27.1,0.63,25.64
2024-07-10,03:57,29.9,85,27.1,0.63,25.64
2024-07-10,03:58,29.9,85,27.1,0.63,25.64
2024-07-10,03:59,29.9,85,27.1,0.63,25.64
2024-07-10,04:00,29.9,85,27.1,0.63,25.64
2024-07-10,04:01,29.9,85,27.1,0.63,25.64
2024-07-10,04:02,29.9,86,27.3,0.59,25.94
2024-07-10,04:03,29.9,86,27.3,0.59,25.94
2024-07-10,04:04,29.9,86,27.3,0.59,25.94
2024-07-10,04:05,29.9,86,27.3,0.59,25.94
2024-07-10,04:06,29.9,86,27.3,0.59,25.94
2024-07-10,04:07,29.9,86,27.3,0.59,25.94
2024-07-10,04:08,29.9,86,27.3,0.59,25.94
2024-07-10,04:09,29.9,86,27.3,0.59,25.94
2024-07-10,04:10,29.9,86,27.3,0.59,25.94
2024-07-10,04:11,29.8,86,27.3,0.59,25.87
2024-07-10,04:12,29.8,86,27.2,0.59,25.8
2024-07-10,04:13,29.8,86,27.2,0.59,25.8
2024-07-10,04:14,29.8,86,27.2,0.59,25.8
2024-07-10,04:15,29.8,86,27.2,0.59,25.8
2024-07-10,04:16,29.8,86,27.2,0.59,25.8
2024-07-10,04:17,29.8,86,27.2,0.59,25.8
2024-07-10,04:18,29.8,86,27.2,0.59,25.8
2024-07-10,04:19,29.8,86,27.2,0.59,25.8
2024-07-10,04:20,29.8,86,27.2,0.59,25.8
2024-07-10,04:21,29.8,86,27.2,0.59,25.8
2024-07-10,04:22,29.8,86,27.2,0.59,25.8
2024-07-10,04:23,29.8,86,27.2,0.59,25.8
2024-07-10,04:24,29.8,86,27.2,0.59,25.8
2024-07-10,04:25,29.8,86,27.2,0.59,25.8
2024-07-10,04:26,29.8,86,27.2,0.59,25.8
2024-07-10,04:27,29.8,86,27.2,0.59,25.8
2024-07-10,04:28,29.8,86,27.2,0.59,25.8
2024-07-10,04:29,29.8,86,27.2,0.59,25.8
2024-07-10,04:30,29.8,86,27.2,0.59,25.8
2024-07-10,04:31,29.8,86,27.2,0.59,25.73
2024-07-10,04:32,29.7,86,27.1,0.58,25.66
2024-07-10,04:33,29.7,86,27.1,0.58,25.66
2024-07-10,04:34,29.7,86,27.1,0.58,25.66
2024-07-10,04:35,29.7,86,27.1,0.58,25.66
2024-07-10,04:36,29.7,87,27.3,0.54,25.96
2024-07-10,04:37,29.7,87,27.3,0.54,25.96
2024-07-10,04:38,29.7,87,27.3,0.54,25.96
2024-07-10,04:39,29.7,87,27.3,0.54,25.96
2024-07-10,04:40,29.7,87,27.3,0.54,25.96
2024-07-10,04:41,29.7,87,27.3,0.54,25.96
2024-07-10,04:42,29.7,87,27.3,0.54,25.96
2024-07-10,04:43,29.7,87,27.3,0.54,25.96
2024-07-10,04:44,29.7,87,27.3,0.54,25.96
2024-07-10,04:45,29.7,87,27.3,0.54,25.89
2024-07-10,04:46,29.6,87,27.2,0.54,25.82
2024-07-10,04:47,29.6,87,27.2,0.54,25.82
2024-07-10,04:48,29.6,87,27.2,0.54,25.82
2024-07-10,04:49,29.6,87,27.2,0.54,25.82
2024-07-10,04:50,29.6,87,27.2,0.54,25.82
2024-07-10,04:51,29.6,87,27.2,0.54,25.82
2024-07-10,04:52,29.6,87,27.2,0.54,25.82
2024-07-10,04:53,29.6,87,27.2,0.54,25.82
2024-07-10,04:54,29.6,87,27.2,0.54,25.82
2024-07-10,04:55,29.6,87,27.2,0.54,25.82
2024-07-10,04:56,29.6,87,27.2,0.54,25.82
2024-07-10,04:57,29.6,87,27.2,0.54,25.82
2024-07-10,04:58,29.6,87,27.2,0.54,25.82
2024-07-10,04:59,29.6,87,27.2,0.54,25.82
2024-07-10,05:00,29.6,87,27.2,0.54,25.82
2024-07-10,05:01,29.6,87,27.2,0.54,25.82
2024-07-10,05:02,29.6,87,27.2,0.54,25.82
2024-07-10,05:03,29.6,87,27.2,0.54,25.82
2024-07-10,05:04,29.6,87,27.2,0.54,25.82
2024-07-10,05:05,29.6,87,27.2,0.54,25.82
2024-07-10,05:06,29.6,87,27.2,0.54,25.82
2024-07-10,05:07,29.6,87,27.2,0.54,25.82
2024-07-10,05:08,29.6,87,27.2,0.54,25.82
2024-07-10,05:09,29.6,87,27.2,0.54,25.82
2024-07-10,05:10,29.6,87,27.2,0.54,25.82
2024-07-10,05:11,29.6,87,27.2,0.54,25.82
2024-07-10,05:12,29.6,87,27.2,0.54,25.82
2024-07-10,05:13,29.6,87,27.2,0.54,25.82
2024-07-10,05:14,29.6,87,27.2,0.54,25.82
2024-07-10,05:15,29.6,87,27.2,0.54,25.82
2024-07-10,05:16,29.6,87,27.2,0.54,25.82
2024-07-10,05:17,29.6,87,27.2,0.54,25.82
2024-07-10,05:18,29.6,87,27.2,0.54,25.82
2024-07-10,05:19,29.6,87,27.2,0.54,25.82
2024-07-10,05:20,29.6,87,27.2,0.54,25.82
2024-07-10,05:21,29.6,87,27.2,0.54,25.82
2024-07-10,05:22,29.6,87,27.2,0.54,25.82
2024-07-10,05:23,29.6,87,27.2,0.54,25.82
2024-07-10,05:24,29.6,87,27.2,0.54,25.82
2024-07-10,05:25,29.6,87,27.2,0.54,25.82
2024-07-10,05:26,29.6,87,27.2,0.54,25.82
2024-07-10,05:27,29.6,87,27.2,0.54,25.82
2024-07-10,05:28,29.6,87,27.2,0.54,25.82
2024-07-10,05:29,29.6,87,27.2,0.54,25.82
2024-07-10,05:30,29.6,87,27.2,0.54,25.82
2024-07-10,05:31,29.6,87,27.2,0.54,25.82
2024-07-10,05:32,29.6,87,27.2,0.54,25.82
2024-07-10,05:33,29.6,87,27.2,0.54,25.82
2024-07-10,05:34,29.6,87,27.2,0.54,25.82
2024-07-10,05:35,29.5,87,27.2,0.54,25.75
2024-07-10,05:36,29.5,87,27.1,0.54,25.68
2024-07-10,05:37,29.5,87,27.1,0.54,25.68
2024-07-10,05:38,29.5,87,27.1,0.54,25.68
2024-07-10,05:39,29.5,87,27.1,0.54,25.68
2024-07-10,05:40,29.5,87,27.1,0.54,25.68
2024-07-10,05:41,29.5,87,27.1,0.54,25.68
2024-07-10,05:42,29.5,87,27.1,0.54,25.68
2024-07-10,05:43,29.5,87,27.1,0.54,25.68
2024-07-10,05:44,29.5,87,27.1,0.54,25.68
2024-07-10,05:45,29.5,87,27.1,0.54,25.68
2024-07-10,05:46,29.5,87,27.1,0.54,25.68
2024-07-10,05:47,29.5,87,27.1,0.54,25.68
2024-07-10,05:48,29.5,87,27.1,0.54,25.68
2024-07-10,05:49,29.5,87,27.1,0.54,25.68
2024-07-10,05:50,29.5,87,27.1,0.54,25.68
2024-07-10,05:51,29.5,87,27.1,0.54,25.68
2024-07-10,05:52,29.5,88,27.3,0.49,25.97
2024-07-10,05:53,29.5,88,27.3,0.49,25.97
2024-07-10,05:54,29.5,88,27.3,0.49,25.97
2024-07-10,05:55,29.5,88,27.3,0.49,25.97
2024-07-10,05:56,29.5,88,27.3,0.49,25.97
2024-07-10,05:57,29.5,88,27.3,0.49,25.97
2024-07-10,05:58,29.5,88,27.3,0.49,25.97
2024-07-10,05:59,29.5,88,27.3,0.49,25.97
2024-07-10,06:00,29.5,88,27.3,0.49,25.97
2024-07-10,06:01,29.5,88,27.3,0.49,25.97
2024-07-10,06:02,29.5,88,27.3,0.49,25.97
2024-07-10,06:03,29.5,88,27.3,0.49,25.97
2024-07-10,06:04,29.5,88,27.3,0.49,25.97
2024-07-10,06:05,29.5,88,27.3,0.49,25.97
2024-07-10,06:06,29.5,88,27.3,0.49,25.97
2024-07-10,06:07,29.5,88,27.3,0.49,25.97
2024-07-10,06:08,29.5,88,27.3,0.49,25.97
2024-07-10,06:09,29.5,88,27.3,0.49,25.97
2024-07-10,06:10,29.5,88,27.3,0.49,25.97
2024-07-10,06:11,29.5,88,27.3,0.49,25.97
2024-07-10,06:12,29.5,88,27.3,0.49,25.97
2024-07-10,06:13,29.5,88,27.3,0.49,25.97
2024-07-10,06:14,29.5,88,27.3,0.49,25.97
2024-07-10,06:15,29.5,88,27.3,0.49,25.97
2024-07-10,06:16,29.5,88,27.3,0.49,25.97
2024-07-10,06:17,29.5,88,27.3,0.49,25.97
2024-07-10,06:18,29.5,88,27.3,0.49,25.97
2024-07-10,06:19,29.5,88,27.3,0.49,25.9
2024-07-10,06:20,29.4,88,27.2,0.49,25.83
2024-07-10,06:21,29.4,88,27.2,0.49,25.83
2024-07-10,06:22,29.4,88,27.2,0.49,25.83
2024-07-10,06:23,29.4,88,27.2,0.49,25.83
2024-07-10,06:24,29.4,88,27.2,0.49,25.83
2024-07-10,06:25,29.4,88,27.2,0.49,25.83
2024-07-10,06:26,29.4,88,27.2,0.49,25.83
2024-07-10,06:27,29.4,88,27.2,0.49,25.83
2024-07-10,06:28,29.4,88,27.2,0.49,25.83
2024-07-10,06:29,29.4,88,27.2,0.49,25.83
2024-07-10,06:30,29.4,88,27.2,0.49,25.83
2024-07-10,06:31,29.4,88,27.2,0.49,25.83
2024-07-10,06:32,29.4,88,27.2,0.49,25.83
2024-07-10,06:33,29.4,88,27.2,0.49,25.83
2024-07-10,06:34,29.4,88,27.2,0.49,25.83
2024-07-10,06:35,29.4,88,27.2,0.49,25.83
2024-07-10,06:36,29.4,88,27.2,0.49,25.83
2024-07-10,06:37,29.4,88,27.2,0.49,25.83
2024-07-10,06:38,29.4,88,27.2,0.49,25.83
2024-07-10,06:39,29.4,88,27.2,0.49,25.83
2024-07-10,06:40,29.4,88,27.2,0.49,25.83
2024-07-10,06:41,29.4,88,27.2,0.49,25.83
2024-07-10,06:42,29.4,88,27.2,0.49,25.83
2024-07-10,06:43,29.4,88,27.2,0.49,25.83
2024-07-10,06:44,29.4,88,27.2,0.49,25.83
2024-07-10,06:45,29.4,88,27.2,0.49,25.83
2024-07-10,06:46,29.4,88,27.2,0.49,25.83
2024-07-10,06:47,29.4,88,27.2,0.49,25.83
2024-07-10,06:48,29.4,88,27.2,0.49,25.83
2024-07-10,06:49,29.4,88,27.2,0.49,25.83
2024-07-10,06:50,29.4,88,27.2,0.49,25.83
2024-07-10,06:51,29.4,88,27.2,0.49,25.83
2024-07-10,06:52,29.4,88,27.2,0.49,25.83
2024-07-10,06:53,29.4,88,27.2,0.49,25.83
2024-07-10,06:54,29.4,88,27.2,0.49,25.83
2024-07-10,06:55,29.4,88,27.2,0.49,25.83
2024-07-10,06:56,29.4,88,27.2,0.49,25.83
2024-07-10,06:57,29.4,88,27.2,0.49,25.83
2024-07-10,06:58,29.4,88,27.2,0.49,25.83
2024-07-10,06:59,29.4,88,27.2,0.49,25.83
2024-07-10,07:00,29.4,88,27.2,0.49,25.83
2024-07-10,07:01,29.4,88,27.2,0.49,25.83
2024-07-10,07:02,29.4,88,27.2,0.49,25.83
2024-07-10,07:03,29.4,88,27.2,0.49,25.83
2024-07-10,07:04,29.4,89,27.4,0.45,26.13
2024-07-10,07:05,29.4,89,27.4,0.45,26.13
2024-07-10,07:06,29.4,89,27.4,0.45,26.13
2024-07-10,07:07,29.4,89,27.4,0.45,26.13
2024-07-10,07:08,29.4,89,27.4,0.45,26.13
2024-07-10,07:09,29.3,89,27.3,0.45,26.05
2024-07-10,07:10,29.3,89,27.3,0.45,25.98
2024-07-10,07:11,29.3,89,27.3,0.45,25.98
2024-07-10,07:12,29.3,89,27.3,0.45,25.98
2024-07-10,07:13,29.3,89,27.3,0.45,25.98
2024-07-10,07:14,29.3,89,27.3,0.45,25.98
2024-07-10,07:15,29.3,89,27.3,0.45,25.98
2024-07-10,07:16,29.3,89,27.3,0.45,25.98
2024-07-10,07:17,29.3,89,27.3,0.45,25.98
2024-07-10,07:18,29.3,89,27.3,0.45,25.98
2024-07-10,07:19,29.3,89,27.3,0.45,25.98
2024-07-10,07:20,29.3,89,27.3,0.45,25.98
2024-07-10,07:21,29.3,89,27.3,0.45,25.98
2024-07-10,07:22,29.3,89,27.3,0.45,25.98
2024-07-10,07:23,29.3,89,27.3,0.45,25.98
2024-07-10,07:24,29.3,89,27.3,0.45,25.98
2024-07-10,07:25,29.3,89,27.3,0.45,25.98
2024-07-10,07:26,29.3,89,27.3,0.45,25.98
2024-07-10,07:27,29.3,89,27.3,0.45,25.98
2024-07-10,07:28,29.3,89,27.3,0.45,25.98
2024-07-10,07:29,29.3,89,27.3,0.45,25.98
2024-07-10,07:30,29.3,89,27.3,0.45,25.98
2024-07-10,07:31,29.3,89,27.3,0.45,25.98
2024-07-10,07:32,29.3,89,27.3,0.45,25.98
2024-07-10,07:33,29.3,89,27.3,0.45,25.98
2024-07-10,07:34,29.3,89,27.3,0.45,25.98
2024-07-10,07:35,29.3,89,27.3,0.45,25.98
2024-07-10,07:36,29.3,89,27.3,0.45,25.98
2024-07-10,07:37,29.3,89,27.3,0.45,25.98
2024-07-10,07:38,29.3,89,27.3,0.45,25.98
2024-07-10,07:39,29.3,89,27.3,0.45,25.98
2024-07-10,07:40,29.3,89,27.3,0.45,25.98
2024-07-10,07:41,29.3,89,27.3,0.45,25.98
2024-07-10,07:42,29.3,89,27.3,0.45,25.98
2024-07-10,07:43,29.3,89,27.3,0.45,25.98
2024-07-10,07:44,29.3,89,27.3,0.45,25.98
2024-07-10,07:45,29.3,89,27.3,0.45,25.98
2024-07-10,07:46,29.3,89,27.3,0.45,25.98
2024-07-10,07:47,29.3,89,27.3,0.45,25.98
2024-07-10,07:48,29.3,89,27.3,0.45,25.98
2024-07-10,07:49,29.3,89,27.3,0.45,25.98
2024-07-10,07:50,29.3,89,27.3,0.45,25.98
2024-07-10,07:51,29.3,89,27.3,0.45,25.98
2024-07-10,07:52,29.3,89,27.3,0.45,25.98
2024-07-10,07:53,29.3,89,27.3,0.45,25.98
2024-07-10,07:54,29.3,89,27.3,0.45,25.98
2024-07-10,07:55,29.3,89,27.2,0.45,25.91
2024-07-10,07:56,29.2,89,27.2,0.45,25.84
2024-07-10,07:57,29.2,89,27.2,0.45,25.84
2024-07-10,07:58,29.2,89,27.2,0.45,25.84
2024-07-10,07:59,29.2,89,27.2,0.45,25.84
2024-07-10,08:00,29.2,89,27.2,0.45,25.84
2024-07-10,08:01,29.2,89,27.2,0.45,25.84
2024-07-10,08:02,29.2,89,27.2,0.45,25.84
2024-07-10,08:03,29.2,89,27.2,0.45,25.84
2024-07-10,08:04,29.2,89,27.2,0.45,25.84
2024-07-10,08:05,29.2,89,27.2,0.45,25.84
2024-07-10,08:06,29.2,89,27.2,0.45,25.84
2024-07-10,08:07,29.3,89,27.2,0.45,25.91
2024-07-10,08:08,29.3,89,27.3,0.45,25.98
2024-07-10,08:09,29.3,89,27.3,0.45,25.98
2024-07-10,08:10,29.3,89,27.3,0.45,25.98
2024-07-10,08:11,29.3,89,27.3,0.45,25.98
2024-07-10,08:12,29.3,89,27.3,0.45,25.98
2024-07-10,08:13,29.3,89,27.3,0.45,25.98
2024-07-10,08:14,29.3,89,27.3,0.45,25.98
2024-07-10,08:15,29.3,89,27.3,0.45,25.98
2024-07-10,08:16,29.3,89,27.3,0.45,25.98
2024-07-10,08:17,29.3,89,27.3,0.45,26.05
2024-07-10,08:18,29.4,89,27.4,0.45,26.13
2024-07-10,08:19,29.4,89,27.4,0.45,26.13
2024-07-10,08:20,29.4,89,27.4,0.45,26.13
2024-07-10,08:21,29.4,89,27.4,0.45,26.13
2024-07-10,08:22,29.4,89,27.4,0.45,26.13
2024-07-10,08:23,29.5,89,27.4,0.45,26.2
2024-07-10,08:24,29.5,89,27.5,0.45,26.27
2024-07-10,08:25,29.5,89,27.5,0.45,26.27
2024-07-10,08:26,29.5,89,27.5,0.45,26.27
2024-07-10,08:27,29.5,89,27.5,0.45,26.27
2024-07-10,08:28,29.5,89,27.5,0.45,26.27
2024-07-10,08:29,29.5,89,27.5,0.45,26.27
2024-07-10,08:30,29.5,89,27.5,0.45,26.27
2024-07-10,08:31,29.5,89,27.5,0.45,26.34
2024-07-10,08:32,29.6,89,27.6,0.46,26.41
2024-07-10,08:33,29.6,89,27.6,0.46,26.41
2024-07-10,08:34,29.6,89,27.6,0.46,26.41
2024-07-10,08:35,29.7,89,27.6,0.46,26.48
2024-07-10,08:36,29.7,89,27.7,0.46,26.55
2024-07-10,08:37,29.7,88,27.5,0.5,26.26
2024-07-10,08:38,29.7,88,27.5,0.5,26.26
2024-07-10,08:39,29.7,88,27.5,0.5,26.26
2024-07-10,08:40,29.7,88,27.5,0.5,26.26
2024-07-10,08:41,29.8,88,27.5,0.5,26.33
2024-07-10,08:42,29.8,88,27.6,0.5,26.4
2024-07-10,08:43,29.8,88,27.6,0.5,26.4
2024-07-10,08:44,29.8,88,27.6,0.5,26.4
2024-07-10,08:45,29.8,88,27.6,0.5,26.47
2024-07-10,08:46,29.9,88,27.7,0.51,26.54
2024-07-10,08:47,29.9,88,27.7,0.51,26.54
2024-07-10,08:48,29.9,88,27.7,0.51,26.54
2024-07-10,08:49,30.0,88,27.7,0.51,26.61
2024-07-10,08:50,30.0,88,27.8,0.51,26.69
2024-07-10,08:51,30.0,88,27.8,0.51,26.69
2024-07-10,08:52,30.0,88,27.8,0.51,26.69
2024-07-10,08:53,30.0,88,27.8,0.51,26.76
2024-07-10,08:54,30.1,88,27.9,0.51,26.83
2024-07-10,08:55,30.1,88,27.9,0.51,26.83
2024-07-10,08:56,30.1,88,27.9,0.51,26.83
2024-07-10,08:57,30.1,87,27.7,0.55,26.53
2024-07-10,08:58,30.1,87,27.7,0.55,26.53
2024-07-10,08:59,30.2,87,27.7,0.56,26.6
2024-07-10,09:00,30.2,87,27.8,0.56,26.67
2024-07-10,09:01,30.2,87,27.8,0.56,26.67
2024-07-10,09:02,30.2,87,27.8,0.56,26.67
2024-07-10,09:03,30.3,87,27.8,0.56,26.74
2024-07-10,09:04,30.3,87,27.9,0.56,26.81
2024-07-10,09:05,30.3,87,27.9,0.56,26.81
2024-07-10,09:06,30.3,87,27.9,0.56,26.81
2024-07-10,09:07,30.3,87,27.9,0.56,26.89
2024-07-10,09:08,30.4,87,28.0,0.56,26.96
2024-07-10,09:09,30.4,87,28.0,0.56,26.96
2024-07-10,09:10,30.4,87,28.0,0.56,26.96
2024-07-10,09:11,30.5,87,28.0,0.57,27.03
2024-07-10,09:12,30.5,87,28.1,0.57,27.1
2024-07-10,09:13,30.5,87,28.1,0.57,27.18
2024-07-10,09:14,30.6,87,28.2,0.57,27.25
2024-07-10,09:15,30.7,86,28.0,0.62,27.01
2024-07-10,09:16,30.7,86,28.1,0.62,27.08
2024-07-10,09:17,30.8,86,28.1,0.62,27.16
2024-07-10,09:18,30.8,86,28.2,0.62,27.23
2024-07-10,09:19,30.8,86,28.2,0.62,27.23
2024-07-10,09:20,30.8,86,28.2,0.62,27.23
2024-07-10,09:21,30.8,86,28.2,0.62,27.3
2024-07-10,09:22,30.9,86,28.3,0.63,27.37
