Date,Temperature_Celsius(℃),Relative_Humidity(%),DPT(℃),VPD(kPa),Abs Humidity(g/m³)
"Jul 9, 2024 11:20 AM",36.2,66,28.8,2.04,27.76
"Jul 9, 2024 11:21 AM",36.1,66,28.7,2.03,27.62
"Jul 9, 2024 11:22 AM",36.0,66,28.6,2.02,27.48
"Jul 9, 2024 11:23 AM",35.9,66,28.5,2.01,27.34
"Jul 9, 2024 11:24 AM",35.8,66,28.5,2.00,27.20
"Jul 9, 2024 11:25 AM",35.8,66,28.4,1.99,27.13
"Jul 9, 2024 11:26 AM",35.7,66,28.4,1.99,27.06
"Jul 9, 2024 11:27 AM",35.7,66,28.3,1.98,26.99
"Jul 9, 2024 11:28 AM",35.6,66,28.3,1.98,26.92
"Jul 9, 2024 11:29 AM",35.5,66,28.2,1.97,26.85
"Jul 9, 2024 11:30 AM",35.5,67,28.4,1.91,27.18
"Jul 9, 2024 11:31 AM",35.5,67,28.4,1.91,27.18
"Jul 9, 2024 11:32 AM",35.5,67,28.4,1.91,27.18
"Jul 9, 2024 11:33 AM",35.5,67,28.5,1.91,27.25
"Jul 9, 2024 11:34 AM",35.6,67,28.5,1.92,27.32
"Jul 9, 2024 11:35 AM",35.6,67,28.5,1.92,27.32
"Jul 9, 2024 11:36 AM",35.6,67,28.5,1.92,27.32
"Jul 9, 2024 11:37 AM",35.8,67,28.7,1.93,27.54
"Jul 9, 2024 11:38 AM",35.9,67,28.8,1.95,27.75
"Jul 9, 2024 11:39 AM",36.0,67,28.9,1.96,27.90
"Jul 9, 2024 11:40 AM",36.1,67,29.0,1.97,28.04
"Jul 9, 2024 11:41 AM",36.3,67,29.2,1.99,28.33
"Jul 9, 2024 11:42 AM",36.5,67,29.4,2.01,28.62
"Jul 9, 2024 11:43 AM",36.5,65,28.9,2.14,27.84
"Jul 9, 2024 11:44 AM",36.6,64,28.7,2.21,27.48
"Jul 9, 2024 11:45 AM",36.7,64,28.8,2.22,27.62
"Jul 9, 2024 11:46 AM",36.8,65,29.1,2.17,28.20
"Jul 9, 2024 11:47 AM",36.9,65,29.2,2.18,28.35
"Jul 9, 2024 11:48 AM",37.0,65,29.3,2.20,28.49
"Jul 9, 2024 11:49 AM",37.1,65,29.4,2.21,28.64
"Jul 9, 2024 11:50 AM",37.2,65,29.5,2.22,28.78
"Jul 9, 2024 11:51 AM",37.3,65,29.6,2.23,28.93
"Jul 9, 2024 11:52 AM",37.4,65,29.7,2.24,29.08
"Jul 9, 2024 11:53 AM",37.5,63,29.2,2.38,28.26
"Jul 9, 2024 11:54 AM",37.5,62,29.0,2.45,27.88
"Jul 9, 2024 11:55 AM",37.5,62,29.0,2.46,27.95
"Jul 9, 2024 11:56 AM",37.6,62,29.1,2.46,28.02
"Jul 9, 2024 11:57 AM",37.7,62,29.2,2.48,28.17
"Jul 9, 2024 11:58 AM",37.8,62,29.3,2.49,28.31
"Jul 9, 2024 11:59 AM",38.0,62,29.4,2.52,28.60
"Jul 9, 2024 12:00 PM",38.2,62,29.6,2.54,28.89
"Jul 9, 2024 12:01 PM",38.3,62,29.7,2.56,29.04
"Jul 9, 2024 12:02 PM",38.4,62,29.8,2.57,29.19
"Jul 9, 2024 12:03 PM",38.5,62,29.9,2.58,29.26
"Jul 9, 2024 12:04 PM",38.5,62,29.9,2.59,29.33
"Jul 9, 2024 12:05 PM",38.5,62,30.0,2.59,29.41
"Jul 9, 2024 12:06 PM",38.6,62,30.0,2.60,29.48
"Jul 9, 2024 12:07 PM",38.7,61,29.8,2.68,29.16
"Jul 9, 2024 12:08 PM",38.8,61,29.9,2.70,29.30
"Jul 9, 2024 12:09 PM",39.0,61,30.1,2.73,29.60
"Jul 9, 2024 12:10 PM",39.2,61,30.3,2.76,29.90
"Jul 9, 2024 12:11 PM",39.4,61,30.5,2.79,30.20
"Jul 9, 2024 12:12 PM",39.6,61,30.7,2.82,30.51
"Jul 9, 2024 12:13 PM",39.8,61,30.9,2.85,30.82
"Jul 9, 2024 12:14 PM",40.0,61,31.0,2.88,31.13
"Jul 9, 2024 12:15 PM",40.0,61,31.0,2.88,31.13
"Jul 9, 2024 12:16 PM",40.0,61,31.0,2.88,31.13
"Jul 9, 2024 12:17 PM",39.8,59,30.3,2.99,29.81
"Jul 9, 2024 12:18 PM",39.6,58,29.8,3.03,29.01
"Jul 9, 2024 12:19 PM",39.4,58,29.6,3.00,28.72
"Jul 9, 2024 12:20 PM",39.2,58,29.4,2.97,28.43
"Jul 9, 2024 12:21 PM",39.1,58,29.3,2.95,28.29
"Jul 9, 2024 12:22 PM",39.0,58,29.2,2.94,28.14
"Jul 9, 2024 12:23 PM",38.8,58,29.0,2.90,27.86
"Jul 9, 2024 12:24 PM",38.6,58,28.9,2.87,27.58
"Jul 9, 2024 12:25 PM",38.6,59,29.2,2.81,28.06
"Jul 9, 2024 12:26 PM",38.6,60,29.4,2.74,28.53
"Jul 9, 2024 12:27 PM",38.7,60,29.5,2.74,28.60
"Jul 9, 2024 12:28 PM",38.7,60,29.5,2.75,28.68
"Jul 9, 2024 12:29 PM",38.8,60,29.6,2.77,28.82
"Jul 9, 2024 12:30 PM",38.9,60,29.7,2.78,28.97
"Jul 9, 2024 12:31 PM",38.9,60,29.7,2.78,28.97
"Jul 9, 2024 12:32 PM",38.9,60,29.7,2.78,28.97
"Jul 9, 2024 12:33 PM",39.0,59,29.5,2.86,28.56
"Jul 9, 2024 12:34 PM",39.0,59,29.5,2.87,28.63
"Jul 9, 2024 12:35 PM",39.2,59,29.7,2.89,28.85
"Jul 9, 2024 12:36 PM",39.3,59,29.8,2.91,29.07
"Jul 9, 2024 12:37 PM",39.5,57,29.4,3.09,28.37
"Jul 9, 2024 12:38 PM",39.7,56,29.3,3.19,28.15
"Jul 9, 2024 12:39 PM",39.8,56,29.4,3.21,28.29
"Jul 9, 2024 12:40 PM",39.9,56,29.5,3.23,28.43
"Jul 9, 2024 12:41 PM",40.0,56,29.6,3.25,28.58
"Jul 9, 2024 12:42 PM",40.1,57,30.0,3.19,29.23
"Jul 9, 2024 12:43 PM",40.2,57,30.0,3.21,29.38
"Jul 9, 2024 12:44 PM",40.3,57,30.1,3.22,29.53
"Jul 9, 2024 12:45 PM",40.3,57,30.1,3.22,29.53
"Jul 9, 2024 12:46 PM",40.3,57,30.1,3.22,29.53
"Jul 9, 2024 12:47 PM",40.3,54,29.2,3.46,28.04
"Jul 9, 2024 12:48 PM",40.4,52,28.6,3.62,27.07
"Jul 9, 2024 12:49 PM",40.3,53,28.9,3.52,27.45
"Jul 9, 2024 12:50 PM",40.2,55,29.4,3.35,28.35
"Jul 9, 2024 12:51 PM",40.3,55,29.6,3.38,28.56
"Jul 9, 2024 12:52 PM",40.5,55,29.7,3.41,28.78
"Jul 9, 2024 12:53 PM",40.7,55,29.9,3.44,29.06
"Jul 9, 2024 12:54 PM",40.9,55,30.1,3.48,29.36
"Jul 9, 2024 12:55 PM",41.1,55,30.2,3.51,29.58
"Jul 9, 2024 12:56 PM",41.2,55,30.3,3.54,29.80
"Jul 9, 2024 12:57 PM",41.2,55,30.3,3.54,29.80
"Jul 9, 2024 12:58 PM",41.2,55,30.3,3.54,29.80
"Jul 9, 2024 12:59 PM",41.2,55,30.3,3.53,29.72
"Jul 9, 2024 1:00 PM",41.1,55,30.3,3.52,29.65
"Jul 9, 2024 1:01 PM",40.9,55,30.1,3.48,29.36
"Jul 9, 2024 1:02 PM",40.7,55,29.9,3.44,29.06
"Jul 9, 2024 1:03 PM",40.6,55,29.7,3.42,28.85
"Jul 9, 2024 1:04 PM",40.4,55,29.6,3.39,28.63
"Jul 9, 2024 1:05 PM",40.2,55,29.4,3.35,28.35
"Jul 9, 2024 1:06 PM",40.0,55,29.2,3.32,28.07
"Jul 9, 2024 1:07 PM",39.7,55,29.0,3.27,27.65
"Jul 9, 2024 1:08 PM",39.4,55,28.7,3.21,27.23
"Jul 9, 2024 1:09 PM",39.3,56,28.9,3.13,27.59
"Jul 9, 2024 1:10 PM",39.2,57,29.1,3.04,27.94
"Jul 9, 2024 1:11 PM",39.2,57,29.1,3.03,27.87
"Jul 9, 2024 1:12 PM",39.1,57,29.0,3.02,27.80
"Jul 9, 2024 1:13 PM",39.2,57,29.1,3.03,27.87
"Jul 9, 2024 1:14 PM",39.2,57,29.1,3.04,27.94
"Jul 9, 2024 1:15 PM",39.3,57,29.2,3.05,28.01
"Jul 9, 2024 1:16 PM",39.3,57,29.2,3.05,28.08
"Jul 9, 2024 1:17 PM",39.3,57,29.3,3.06,28.15
"Jul 9, 2024 1:18 PM",39.4,57,29.3,3.07,28.22
"Jul 9, 2024 1:19 PM",39.4,57,29.3,3.07,28.22
"Jul 9, 2024 1:20 PM",39.4,57,29.3,3.07,28.22
"Jul 9, 2024 1:21 PM",39.4,57,29.3,3.07,28.22
"Jul 9, 2024 1:22 PM",39.4,57,29.3,3.07,28.22
"Jul 9, 2024 1:23 PM",39.3,57,29.3,3.06,28.15
"Jul 9, 2024 1:24 PM",39.3,57,29.2,3.05,28.08
"Jul 9, 2024 1:25 PM",39.4,57,29.3,3.07,28.22
"Jul 9, 2024 1:26 PM",39.5,57,29.4,3.09,28.37
"Jul 9, 2024 1:27 PM",39.6,57,29.5,3.10,28.51
"Jul 9, 2024 1:28 PM",39.7,57,29.6,3.12,28.65
"Jul 9, 2024 1:29 PM",39.8,55,29.1,3.29,27.86
"Jul 9, 2024 1:30 PM",40.0,54,28.9,3.39,27.56
"Jul 9, 2024 1:31 PM",40.0,55,29.2,3.32,28.07
"Jul 9, 2024 1:32 PM",40.0,57,29.9,3.17,29.09
"Jul 9, 2024 1:33 PM",40.0,56,29.6,3.25,28.65
"Jul 9, 2024 1:34 PM",40.1,56,29.6,3.26,28.72
"Jul 9, 2024 1:35 PM",40.2,56,29.7,3.27,28.79
"Jul 9, 2024 1:36 PM",40.2,56,29.7,3.28,28.86
"Jul 9, 2024 1:37 PM",40.2,56,29.7,3.28,28.86
"Jul 9, 2024 1:38 PM",40.2,56,29.7,3.28,28.86
"Jul 9, 2024 1:39 PM",40.3,55,29.5,3.36,28.42
"Jul 9, 2024 1:40 PM",40.3,55,29.5,3.37,28.49
"Jul 9, 2024 1:41 PM",40.3,55,29.6,3.38,28.56
"Jul 9, 2024 1:42 PM",40.4,55,29.6,3.39,28.63
"Jul 9, 2024 1:43 PM",40.5,55,29.7,3.40,28.70
"Jul 9, 2024 1:44 PM",40.5,55,29.7,3.41,28.78
"Jul 9, 2024 1:45 PM",40.6,53,29.2,3.58,27.87
"Jul 9, 2024 1:46 PM",40.7,52,28.9,3.67,27.48
"Jul 9, 2024 1:47 PM",40.7,52,28.9,3.67,27.48
"Jul 9, 2024 1:48 PM",40.7,53,29.2,3.60,28.01
"Jul 9, 2024 1:49 PM",40.6,53,29.1,3.57,27.80
"Jul 9, 2024 1:50 PM",40.4,53,29.0,3.54,27.59
"Jul 9, 2024 1:51 PM",40.2,53,28.8,3.50,27.32
"Jul 9, 2024 1:52 PM",40.0,54,28.9,3.39,27.56
"Jul 9, 2024 1:53 PM",39.8,54,28.7,3.36,27.28
"Jul 9, 2024 1:54 PM",39.6,54,28.6,3.32,27.01
"Jul 9, 2024 1:55 PM",39.4,54,28.4,3.29,26.74
"Jul 9, 2024 1:56 PM",39.2,55,28.5,3.18,26.96
"Jul 9, 2024 1:57 PM",39.2,55,28.5,3.17,26.89
"Jul 9, 2024 1:58 PM",39.1,56,28.7,3.09,27.31
"Jul 9, 2024 1:59 PM",39.0,56,28.6,3.08,27.17
"Jul 9, 2024 2:00 PM",38.9,56,28.5,3.06,27.04
"Jul 9, 2024 2:01 PM",38.8,56,28.5,3.05,26.97
"Jul 9, 2024 2:02 PM",38.8,56,28.4,3.04,26.90
"Jul 9, 2024 2:03 PM",38.8,56,28.4,3.04,26.90
"Jul 9, 2024 2:04 PM",38.8,56,28.4,3.04,26.90
"Jul 9, 2024 2:05 PM",38.8,56,28.4,3.04,26.90
"Jul 9, 2024 2:06 PM",38.8,56,28.4,3.04,26.90
"Jul 9, 2024 2:07 PM",38.8,56,28.4,3.04,26.83
"Jul 9, 2024 2:08 PM",38.7,56,28.3,3.03,26.77
"Jul 9, 2024 2:09 PM",38.7,56,28.3,3.02,26.70
"Jul 9, 2024 2:10 PM",38.6,57,28.6,2.94,27.11
"Jul 9, 2024 2:11 PM",38.5,57,28.5,2.93,27.04
"Jul 9, 2024 2:12 PM",38.5,57,28.5,2.93,26.97
"Jul 9, 2024 2:13 PM",38.4,57,28.4,2.91,26.83
"Jul 9, 2024 2:14 PM",38.3,58,28.6,2.83,27.17
"Jul 9, 2024 2:15 PM",38.3,58,28.5,2.82,27.10
"Jul 9, 2024 2:16 PM",38.2,58,28.5,2.81,27.03
"Jul 9, 2024 2:17 PM",38.3,58,28.5,2.82,27.10
"Jul 9, 2024 2:18 PM",38.3,59,28.9,2.76,27.63
"Jul 9, 2024 2:19 PM",38.3,59,28.8,2.75,27.56
"Jul 9, 2024 2:20 PM",38.2,59,28.8,2.75,27.49
"Jul 9, 2024 2:21 PM",38.2,59,28.7,2.74,27.42
"Jul 9, 2024 2:22 PM",38.1,59,28.7,2.73,27.35
"Jul 9, 2024 2:23 PM",38.0,59,28.6,2.72,27.28
"Jul 9, 2024 2:24 PM",38.0,59,28.6,2.72,27.22
"Jul 9, 2024 2:25 PM",38.0,60,28.8,2.64,27.61
"Jul 9, 2024 2:26 PM",37.9,61,29.1,2.57,28.00
"Jul 9, 2024 2:27 PM",38.0,61,29.1,2.58,28.07
"Jul 9, 2024 2:28 PM",38.0,61,29.2,2.58,28.14
"Jul 9, 2024 2:29 PM",38.0,60,28.9,2.65,27.68
"Jul 9, 2024 2:30 PM",38.0,60,28.9,2.65,27.68
"Jul 9, 2024 2:31 PM",38.0,60,28.8,2.64,27.61
"Jul 9, 2024 2:32 PM",37.9,60,28.8,2.64,27.54
"Jul 9, 2024 2:33 PM",37.9,60,28.8,2.64,27.54
"Jul 9, 2024 2:34 PM",37.9,60,28.8,2.64,27.54
"Jul 9, 2024 2:35 PM",38.0,60,28.9,2.65,27.68
"Jul 9, 2024 2:36 PM",38.1,60,29.0,2.66,27.82
"Jul 9, 2024 2:37 PM",38.2,60,29.0,2.67,27.89
"Jul 9, 2024 2:38 PM",38.2,60,29.1,2.68,27.96
"Jul 9, 2024 2:39 PM",38.2,59,28.8,2.75,27.49
"Jul 9, 2024 2:40 PM",38.2,59,28.8,2.75,27.49
"Jul 9, 2024 2:41 PM",38.3,59,28.8,2.75,27.56
"Jul 9, 2024 2:42 PM",38.3,59,28.9,2.76,27.63
"Jul 9, 2024 2:43 PM",38.3,59,28.9,2.76,27.63
"Jul 9, 2024 2:44 PM",38.3,59,28.9,2.76,27.63
"Jul 9, 2024 2:45 PM",38.3,59,28.9,2.76,27.63
"Jul 9, 2024 2:46 PM",38.3,59,28.9,2.76,27.63
"Jul 9, 2024 2:47 PM",38.3,59,28.9,2.76,27.63
"Jul 9, 2024 2:48 PM",38.3,59,28.9,2.76,27.63
"Jul 9, 2024 2:49 PM",38.3,59,28.9,2.76,27.63
"Jul 9, 2024 2:50 PM",38.3,59,28.9,2.76,27.63
"Jul 9, 2024 2:51 PM",38.3,59,28.9,2.77,27.70
"Jul 9, 2024 2:52 PM",38.4,59,29.0,2.78,27.77
"Jul 9, 2024 2:53 PM",38.4,59,29.0,2.78,27.77
"Jul 9, 2024 2:54 PM",38.4,59,29.0,2.78,27.77
"Jul 9, 2024 2:55 PM",38.4,59,29.0,2.78,27.77
"Jul 9, 2024 2:56 PM",38.4,59,29.0,2.78,27.77
"Jul 9, 2024 2:57 PM",38.3,59,28.9,2.77,27.70
"Jul 9, 2024 2:58 PM",38.3,59,28.9,2.76,27.63
"Jul 9, 2024 2:59 PM",38.3,59,28.9,2.76,27.63
"Jul 9, 2024 3:00 PM",38.3,59,28.9,2.76,27.63
"Jul 9, 2024 3:01 PM",38.3,59,28.8,2.75,27.56
"Jul 9, 2024 3:02 PM",38.2,59,28.8,2.75,27.49
"Jul 9, 2024 3:03 PM",38.2,59,28.8,2.75,27.49
"Jul 9, 2024 3:04 PM",38.2,59,28.8,2.75,27.49
"Jul 9, 2024 3:05 PM",38.2,59,28.8,2.75,27.49
"Jul 9, 2024 3:06 PM",38.2,59,28.8,2.75,27.49
"Jul 9, 2024 3:07 PM",38.2,59,28.8,2.75,27.49
"Jul 9, 2024 3:08 PM",38.2,59,28.8,2.75,27.49
"Jul 9, 2024 3:09 PM",38.3,59,28.9,2.77,27.70
"Jul 9, 2024 3:10 PM",38.5,59,29.1,2.79,27.92
"Jul 9, 2024 3:11 PM",38.5,59,29.1,2.80,27.99
"Jul 9, 2024 3:12 PM",38.6,59,29.2,2.81,28.06
"Jul 9, 2024 3:13 PM",38.7,59,29.2,2.82,28.20
"Jul 9, 2024 3:14 PM",38.8,59,29.3,2.84,28.34
"Jul 9, 2024 3:15 PM",38.8,59,29.3,2.84,28.34
"Jul 9, 2024 3:16 PM",38.8,59,29.3,2.84,28.34
"Jul 9, 2024 3:17 PM",38.8,59,29.4,2.84,28.41
"Jul 9, 2024 3:18 PM",38.9,59,29.4,2.85,28.49
"Jul 9, 2024 3:19 PM",38.9,58,29.1,2.92,28.00
"Jul 9, 2024 3:20 PM",38.9,57,28.8,2.99,27.52
"Jul 9, 2024 3:21 PM",38.8,57,28.8,2.98,27.45
"Jul 9, 2024 3:22 PM",38.8,57,28.7,2.97,27.38
"Jul 9, 2024 3:23 PM",38.8,57,28.7,2.97,27.38
"Jul 9, 2024 3:24 PM",38.8,58,29.0,2.90,27.86
"Jul 9, 2024 3:25 PM",38.7,58,28.9,2.89,27.72
"Jul 9, 2024 3:26 PM",38.6,58,28.9,2.87,27.58
"Jul 9, 2024 3:27 PM",38.5,58,28.8,2.87,27.51
"Jul 9, 2024 3:28 PM",38.5,58,28.8,2.86,27.44
"Jul 9, 2024 3:29 PM",38.4,58,28.7,2.84,27.30
"Jul 9, 2024 3:30 PM",38.3,58,28.6,2.83,27.17
"Jul 9, 2024 3:31 PM",38.1,58,28.4,2.80,26.89
"Jul 9, 2024 3:32 PM",37.9,59,28.5,2.70,27.08
"Jul 9, 2024 3:33 PM",37.8,59,28.4,2.68,26.87
"Jul 9, 2024 3:34 PM",37.6,59,28.2,2.66,26.67
"Jul 9, 2024 3:35 PM",37.5,59,28.2,2.65,26.60
"Jul 9, 2024 3:36 PM",37.5,59,28.1,2.64,26.53
"Jul 9, 2024 3:37 PM",37.5,59,28.1,2.64,26.46
"Jul 9, 2024 3:38 PM",37.4,59,28.0,2.63,26.40
"Jul 9, 2024 3:39 PM",37.4,59,28.0,2.63,26.40
"Jul 9, 2024 3:40 PM",37.4,60,28.3,2.57,26.84
"Jul 9, 2024 3:41 PM",37.4,60,28.3,2.57,26.84
"Jul 9, 2024 3:42 PM",37.4,60,28.3,2.57,26.84
"Jul 9, 2024 3:43 PM",37.4,60,28.3,2.57,26.84
"Jul 9, 2024 3:44 PM",37.4,60,28.3,2.57,26.84
"Jul 9, 2024 3:45 PM",37.3,60,28.2,2.54,26.64
"Jul 9, 2024 3:46 PM",37.1,60,28.0,2.52,26.43
"Jul 9, 2024 3:47 PM",36.9,60,27.9,2.50,26.23
"Jul 9, 2024 3:48 PM",36.8,61,28.0,2.42,26.46
"Jul 9, 2024 3:49 PM",36.7,61,27.9,2.41,26.33
"Jul 9, 2024 3:50 PM",36.6,61,27.9,2.39,26.19
"Jul 9, 2024 3:51 PM",36.4,61,27.7,2.37,25.93
"Jul 9, 2024 3:52 PM",36.2,61,27.5,2.34,25.66
"Jul 9, 2024 3:53 PM",36.0,61,27.3,2.32,25.40
"Jul 9, 2024 3:54 PM",35.8,62,27.4,2.23,25.55
"Jul 9, 2024 3:55 PM",35.6,63,27.5,2.15,25.69
"Jul 9, 2024 3:56 PM",35.4,65,27.8,2.01,26.24
"Jul 9, 2024 3:57 PM",35.3,65,27.7,2.00,26.10
"Jul 9, 2024 3:58 PM",35.2,65,27.6,1.99,25.96
"Jul 9, 2024 3:59 PM",35.0,65,27.4,1.97,25.70
"Jul 9, 2024 4:00 PM",34.8,65,27.2,1.95,25.43
"Jul 9, 2024 4:01 PM",34.7,65,27.1,1.94,25.30
"Jul 9, 2024 4:02 PM",34.6,65,27.1,1.92,25.17
"Jul 9, 2024 4:03 PM",34.5,65,27.0,1.91,25.03
"Jul 9, 2024 4:04 PM",34.4,65,26.9,1.90,24.90
"Jul 9, 2024 4:05 PM",34.3,65,26.8,1.90,24.84
"Jul 9, 2024 4:06 PM",34.3,66,27.0,1.84,25.16
"Jul 9, 2024 4:07 PM",34.3,66,27.0,1.83,25.09
"Jul 9, 2024 4:08 PM",34.2,66,26.9,1.83,25.02
"Jul 9, 2024 4:09 PM",34.2,66,26.9,1.82,24.96
"Jul 9, 2024 4:10 PM",34.1,66,26.8,1.82,24.89
"Jul 9, 2024 4:11 PM",34.0,67,27.0,1.76,25.20
"Jul 9, 2024 4:12 PM",34.0,69,27.5,1.65,25.89
"Jul 9, 2024 4:13 PM",34.0,69,27.5,1.64,25.82
"Jul 9, 2024 4:14 PM",33.9,69,27.4,1.64,25.75
"Jul 9, 2024 4:15 PM",33.8,69,27.4,1.64,25.69
"Jul 9, 2024 4:16 PM",33.8,69,27.3,1.63,25.62
"Jul 9, 2024 4:17 PM",33.8,69,27.3,1.63,25.62
"Jul 9, 2024 4:18 PM",33.8,69,27.3,1.63,25.62
"Jul 9, 2024 4:19 PM",33.7,69,27.2,1.62,25.48
"Jul 9, 2024 4:20 PM",33.6,69,27.1,1.61,25.35
"Jul 9, 2024 4:21 PM",33.5,69,27.0,1.60,25.22
"Jul 9, 2024 4:22 PM",33.4,69,26.9,1.59,25.09
"Jul 9, 2024 4:23 PM",33.3,69,26.9,1.59,25.02
"Jul 9, 2024 4:24 PM",33.3,69,26.8,1.59,24.95
"Jul 9, 2024 4:25 PM",33.3,69,26.8,1.59,24.95
"Jul 9, 2024 4:26 PM",33.3,69,26.8,1.59,24.95
"Jul 9, 2024 4:27 PM",33.3,69,26.8,1.59,24.95
"Jul 9, 2024 4:28 PM",33.3,69,26.8,1.59,24.95
"Jul 9, 2024 4:29 PM",33.3,69,26.8,1.59,24.95
"Jul 9, 2024 4:30 PM",33.3,69,26.8,1.59,24.95
"Jul 9, 2024 4:31 PM",33.3,69,26.8,1.59,24.95
"Jul 9, 2024 4:32 PM",33.3,69,26.8,1.59,24.95
"Jul 9, 2024 4:33 PM",33.3,69,26.8,1.59,24.95
"Jul 9, 2024 4:34 PM",33.3,69,26.8,1.59,24.95
"Jul 9, 2024 4:35 PM",33.4,69,26.9,1.59,25.09
"Jul 9, 2024 4:36 PM",33.5,69,27.0,1.60,25.22
"Jul 9, 2024 4:37 PM",33.5,69,27.1,1.61,25.28
"Jul 9, 2024 4:38 PM",33.6,69,27.1,1.61,25.35
"Jul 9, 2024 4:39 PM",33.7,69,27.2,1.62,25.48
"Jul 9, 2024 4:40 PM",33.8,69,27.3,1.63,25.62
"Jul 9, 2024 4:41 PM",33.8,69,27.4,1.64,25.69
"Jul 9, 2024 4:42 PM",33.9,69,27.4,1.64,25.75
"Jul 9, 2024 4:43 PM",34.0,69,27.5,1.64,25.82
"Jul 9, 2024 4:44 PM",34.0,69,27.5,1.65,25.89
"Jul 9, 2024 4:45 PM",34.0,69,27.5,1.65,25.89
"Jul 9, 2024 4:46 PM",34.0,69,27.5,1.65,25.89
"Jul 9, 2024 4:47 PM",34.0,68,27.3,1.70,25.51
"Jul 9, 2024 4:48 PM",34.0,68,27.3,1.70,25.51
"Jul 9, 2024 4:49 PM",34.0,68,27.3,1.70,25.51
"Jul 9, 2024 4:50 PM",34.0,68,27.3,1.70,25.51
"Jul 9, 2024 4:51 PM",34.0,68,27.3,1.70,25.51
"Jul 9, 2024 4:52 PM",34.0,68,27.3,1.70,25.51
"Jul 9, 2024 4:53 PM",34.1,68,27.3,1.71,25.65
"Jul 9, 2024 4:54 PM",34.2,68,27.4,1.72,25.78
"Jul 9, 2024 4:55 PM",34.3,68,27.5,1.73,25.85
"Jul 9, 2024 4:56 PM",34.3,68,27.5,1.73,25.92
"Jul 9, 2024 4:57 PM",34.3,68,27.6,1.74,25.99
"Jul 9, 2024 4:58 PM",34.4,68,27.6,1.74,26.05
"Jul 9, 2024 4:59 PM",34.5,68,27.7,1.75,26.12
"Jul 9, 2024 5:00 PM",34.5,68,27.7,1.75,26.19
"Jul 9, 2024 5:01 PM",34.6,68,27.8,1.76,26.33
"Jul 9, 2024 5:02 PM",34.7,68,27.9,1.77,26.47
"Jul 9, 2024 5:03 PM",34.8,68,28.0,1.78,26.60
"Jul 9, 2024 5:04 PM",34.9,68,28.1,1.79,26.74
"Jul 9, 2024 5:05 PM",35.1,68,28.3,1.81,27.02
"Jul 9, 2024 5:06 PM",35.3,68,28.5,1.83,27.30
"Jul 9, 2024 5:07 PM",35.4,67,28.4,1.90,27.11
"Jul 9, 2024 5:08 PM",35.6,66,28.3,1.98,26.92
"Jul 9, 2024 5:09 PM",35.6,66,28.3,1.98,26.92
"Jul 9, 2024 5:10 PM",35.6,66,28.3,1.98,26.92
"Jul 9, 2024 5:11 PM",35.5,66,28.2,1.97,26.85
"Jul 9, 2024 5:12 PM",35.5,66,28.2,1.97,26.78
"Jul 9, 2024 5:13 PM",35.5,66,28.2,1.97,26.78
"Jul 9, 2024 5:14 PM",35.5,66,28.2,1.97,26.78
"Jul 9, 2024 5:15 PM",35.5,66,28.2,1.97,26.78
"Jul 9, 2024 5:16 PM",35.5,66,28.2,1.97,26.78
"Jul 9, 2024 5:17 PM",35.5,66,28.2,1.97,26.85
"Jul 9, 2024 5:18 PM",35.6,66,28.3,1.98,26.92
"Jul 9, 2024 5:19 PM",35.7,66,28.4,1.99,27.06
"Jul 9, 2024 5:20 PM",35.8,66,28.5,2.00,27.20
"Jul 9, 2024 5:21 PM",35.8,66,28.5,2.00,27.27
"Jul 9, 2024 5:22 PM",35.9,66,28.5,2.01,27.34
"Jul 9, 2024 5:23 PM",36.0,66,28.6,2.01,27.41
"Jul 9, 2024 5:24 PM",36.0,66,28.6,2.02,27.48
"Jul 9, 2024 5:25 PM",36.0,64,28.2,2.14,26.72
"Jul 9, 2024 5:26 PM",36.1,63,27.9,2.21,26.37
"Jul 9, 2024 5:27 PM",36.0,64,28.2,2.14,26.72
"Jul 9, 2024 5:28 PM",36.0,65,28.4,2.08,27.06
"Jul 9, 2024 5:29 PM",36.0,65,28.3,2.07,26.99
"Jul 9, 2024 5:30 PM",35.9,65,28.3,2.07,26.92
"Jul 9, 2024 5:31 PM",35.9,65,28.3,2.07,26.92
"Jul 9, 2024 5:32 PM",35.9,65,28.3,2.07,26.92
"Jul 9, 2024 5:33 PM",36.0,65,28.3,2.07,26.99
"Jul 9, 2024 5:34 PM",36.0,65,28.4,2.08,27.06
"Jul 9, 2024 5:35 PM",36.0,65,28.4,2.08,27.13
"Jul 9, 2024 5:36 PM",36.1,65,28.5,2.09,27.20
"Jul 9, 2024 5:37 PM",36.2,65,28.5,2.10,27.27
"Jul 9, 2024 5:38 PM",36.2,65,28.6,2.10,27.34
"Jul 9, 2024 5:39 PM",36.2,65,28.6,2.10,27.34
"Jul 9, 2024 5:40 PM",36.2,65,28.6,2.10,27.34
"Jul 9, 2024 5:41 PM",36.2,65,28.5,2.10,27.27
"Jul 9, 2024 5:42 PM",36.1,65,28.5,2.09,27.20
"Jul 9, 2024 5:43 PM",36.0,65,28.4,2.08,27.13
"Jul 9, 2024 5:44 PM",36.0,65,28.4,2.08,27.06
"Jul 9, 2024 5:45 PM",36.0,65,28.3,2.07,26.99
"Jul 9, 2024 5:46 PM",35.9,65,28.3,2.07,26.92
"Jul 9, 2024 5:47 PM",35.8,65,28.2,2.06,26.85
"Jul 9, 2024 5:48 PM",35.8,65,28.2,2.06,26.78
"Jul 9, 2024 5:49 PM",35.7,65,28.1,2.05,26.65
"Jul 9, 2024 5:50 PM",35.6,65,28.0,2.03,26.51
"Jul 9, 2024 5:51 PM",35.6,65,28.0,2.03,26.51
"Jul 9, 2024 5:52 PM",35.6,65,28.0,2.03,26.51
"Jul 9, 2024 5:53 PM",35.6,65,28.0,2.03,26.51
"Jul 9, 2024 5:54 PM",35.6,66,28.3,1.98,26.92
"Jul 9, 2024 5:55 PM",35.5,66,28.2,1.97,26.85
"Jul 9, 2024 5:56 PM",35.5,66,28.2,1.97,26.78
"Jul 9, 2024 5:57 PM",35.5,66,28.1,1.96,26.71
"Jul 9, 2024 5:58 PM",35.4,66,28.1,1.95,26.64
"Jul 9, 2024 5:59 PM",35.4,66,28.1,1.95,26.64
"Jul 9, 2024 6:00 PM",35.4,66,28.1,1.95,26.64
"Jul 9, 2024 6:01 PM",35.4,66,28.1,1.95,26.64
"Jul 9, 2024 6:02 PM",35.4,66,28.1,1.95,26.64
"Jul 9, 2024 6:03 PM",35.4,66,28.1,1.95,26.64
"Jul 9, 2024 6:04 PM",35.4,66,28.1,1.95,26.64
"Jul 9, 2024 6:05 PM",35.4,66,28.1,1.95,26.64
"Jul 9, 2024 6:06 PM",35.4,67,28.3,1.90,27.04
"Jul 9, 2024 6:07 PM",35.4,67,28.3,1.90,27.04
"Jul 9, 2024 6:08 PM",35.4,67,28.3,1.90,27.04
"Jul 9, 2024 6:09 PM",35.4,67,28.3,1.90,27.04
"Jul 9, 2024 6:10 PM",35.4,67,28.3,1.90,27.04
"Jul 9, 2024 6:11 PM",35.4,67,28.3,1.90,27.04
"Jul 9, 2024 6:12 PM",35.4,67,28.3,1.90,27.04
"Jul 9, 2024 6:13 PM",35.3,67,28.3,1.89,26.97
"Jul 9, 2024 6:14 PM",35.3,67,28.2,1.89,26.90
"Jul 9, 2024 6:15 PM",35.3,67,28.2,1.88,26.83
"Jul 9, 2024 6:16 PM",35.2,67,28.1,1.88,26.76
"Jul 9, 2024 6:17 PM",35.2,67,28.1,1.88,26.76
"Jul 9, 2024 6:18 PM",35.2,67,28.1,1.88,26.76
"Jul 9, 2024 6:19 PM",35.2,67,28.1,1.87,26.69
"Jul 9, 2024 6:20 PM",35.1,67,28.0,1.87,26.62
"Jul 9, 2024 6:21 PM",35.0,67,28.0,1.86,26.56
"Jul 9, 2024 6:22 PM",35.0,67,28.0,1.86,26.49
"Jul 9, 2024 6:23 PM",35.0,67,27.9,1.85,26.42
"Jul 9, 2024 6:24 PM",34.9,68,28.1,1.79,26.74
"Jul 9, 2024 6:25 PM",34.9,68,28.1,1.79,26.74
"Jul 9, 2024 6:26 PM",34.9,68,28.1,1.79,26.74
"Jul 9, 2024 6:27 PM",35.0,68,28.2,1.79,26.81
"Jul 9, 2024 6:28 PM",35.0,68,28.2,1.80,26.88
"Jul 9, 2024 6:29 PM",35.0,67,28.0,1.86,26.56
"Jul 9, 2024 6:30 PM",35.1,67,28.0,1.87,26.62
"Jul 9, 2024 6:31 PM",35.2,67,28.1,1.87,26.69
"Jul 9, 2024 6:32 PM",35.2,67,28.1,1.88,26.76
"Jul 9, 2024 6:33 PM",35.2,67,28.1,1.88,26.76
"Jul 9, 2024 6:34 PM",35.2,67,28.1,1.88,26.76
"Jul 9, 2024 6:35 PM",35.2,67,28.1,1.88,26.76
"Jul 9, 2024 6:36 PM",35.2,67,28.1,1.88,26.76
"Jul 9, 2024 6:37 PM",35.2,67,28.1,1.88,26.76
"Jul 9, 2024 6:38 PM",35.2,68,28.4,1.82,27.16
"Jul 9, 2024 6:39 PM",35.2,68,28.4,1.82,27.16
"Jul 9, 2024 6:40 PM",35.2,68,28.4,1.82,27.16
"Jul 9, 2024 6:41 PM",35.2,68,28.4,1.82,27.16
"Jul 9, 2024 6:42 PM",35.2,68,28.4,1.82,27.16
"Jul 9, 2024 6:43 PM",35.3,68,28.5,1.83,27.30
"Jul 9, 2024 6:44 PM",35.4,68,28.6,1.84,27.45
"Jul 9, 2024 6:45 PM",35.4,68,28.6,1.84,27.45
"Jul 9, 2024 6:46 PM",35.4,68,28.6,1.84,27.45
"Jul 9, 2024 6:47 PM",35.3,68,28.5,1.83,27.38
"Jul 9, 2024 6:48 PM",35.3,68,28.5,1.83,27.30
"Jul 9, 2024 6:49 PM",35.3,68,28.4,1.82,27.23
"Jul 9, 2024 6:50 PM",35.2,68,28.4,1.82,27.16
"Jul 9, 2024 6:51 PM",35.2,68,28.4,1.82,27.16
"Jul 9, 2024 6:52 PM",35.2,68,28.4,1.82,27.16
"Jul 9, 2024 6:53 PM",35.2,68,28.4,1.82,27.16
"Jul 9, 2024 6:54 PM",35.2,68,28.4,1.82,27.16
"Jul 9, 2024 6:55 PM",35.3,68,28.5,1.83,27.30
"Jul 9, 2024 6:56 PM",35.4,68,28.6,1.84,27.45
"Jul 9, 2024 6:57 PM",35.4,68,28.6,1.84,27.45
"Jul 9, 2024 6:58 PM",35.4,68,28.6,1.84,27.45
"Jul 9, 2024 6:59 PM",35.4,68,28.6,1.84,27.45
"Jul 9, 2024 7:00 PM",35.4,68,28.6,1.84,27.45
"Jul 9, 2024 7:01 PM",35.4,68,28.6,1.84,27.45
"Jul 9, 2024 7:02 PM",35.4,68,28.6,1.84,27.45
"Jul 9, 2024 7:03 PM",35.4,68,28.6,1.84,27.45
"Jul 9, 2024 7:04 PM",35.4,68,28.6,1.84,27.45
"Jul 9, 2024 7:05 PM",35.4,68,28.6,1.84,27.45
"Jul 9, 2024 7:06 PM",35.4,68,28.6,1.84,27.45
"Jul 9, 2024 7:07 PM",35.4,68,28.6,1.84,27.45
"Jul 9, 2024 7:08 PM",35.4,68,28.6,1.84,27.45
"Jul 9, 2024 7:09 PM",35.4,68,28.6,1.84,27.45
"Jul 9, 2024 7:10 PM",35.4,68,28.6,1.84,27.45
"Jul 9, 2024 7:11 PM",35.4,68,28.6,1.84,27.45
"Jul 9, 2024 7:12 PM",35.4,68,28.6,1.84,27.45
"Jul 9, 2024 7:13 PM",35.5,68,28.7,1.85,27.59
"Jul 9, 2024 7:14 PM",35.6,68,28.8,1.86,27.73
"Jul 9, 2024 7:15 PM",35.6,67,28.5,1.92,27.32
"Jul 9, 2024 7:16 PM",35.6,67,28.5,1.92,27.32
"Jul 9, 2024 7:17 PM",35.6,67,28.5,1.92,27.32
"Jul 9, 2024 7:18 PM",35.6,67,28.5,1.92,27.32
"Jul 9, 2024 7:19 PM",35.6,67,28.5,1.92,27.32
"Jul 9, 2024 7:20 PM",35.6,67,28.5,1.92,27.32
"Jul 9, 2024 7:21 PM",35.6,67,28.5,1.92,27.32
"Jul 9, 2024 7:22 PM",35.6,67,28.5,1.92,27.32
"Jul 9, 2024 7:23 PM",35.7,67,28.6,1.92,27.40
"Jul 9, 2024 7:24 PM",35.7,67,28.6,1.93,27.47
"Jul 9, 2024 7:25 PM",35.7,67,28.6,1.92,27.40
"Jul 9, 2024 7:26 PM",35.6,67,28.5,1.92,27.32
"Jul 9, 2024 7:27 PM",35.6,67,28.5,1.92,27.32
"Jul 9, 2024 7:28 PM",35.6,68,28.8,1.86,27.73
"Jul 9, 2024 7:29 PM",35.5,67,28.4,1.91,27.18
"Jul 9, 2024 7:30 PM",35.4,67,28.3,1.90,27.04
"Jul 9, 2024 7:31 PM",35.3,67,28.3,1.89,26.97
"Jul 9, 2024 7:32 PM",35.3,67,28.2,1.89,26.90
"Jul 9, 2024 7:33 PM",35.3,67,28.2,1.89,26.90
"Jul 9, 2024 7:34 PM",35.3,68,28.5,1.83,27.30
"Jul 9, 2024 7:35 PM",35.3,68,28.5,1.83,27.38
"Jul 9, 2024 7:36 PM",35.4,68,28.6,1.84,27.45
"Jul 9, 2024 7:37 PM",35.4,68,28.6,1.84,27.45
"Jul 9, 2024 7:38 PM",35.4,68,28.6,1.84,27.45
"Jul 9, 2024 7:39 PM",35.4,68,28.6,1.84,27.45
"Jul 9, 2024 7:40 PM",35.4,68,28.6,1.84,27.45
"Jul 9, 2024 7:41 PM",35.4,68,28.6,1.84,27.45
"Jul 9, 2024 7:42 PM",35.4,68,28.6,1.84,27.45
"Jul 9, 2024 7:43 PM",35.4,68,28.6,1.84,27.45
"Jul 9, 2024 7:44 PM",35.4,68,28.6,1.84,27.45
"Jul 9, 2024 7:45 PM",35.3,68,28.5,1.83,27.38
"Jul 9, 2024 7:46 PM",35.3,68,28.5,1.83,27.30
"Jul 9, 2024 7:47 PM",35.3,68,28.5,1.83,27.30
"Jul 9, 2024 7:48 PM",35.3,68,28.5,1.83,27.30
"Jul 9, 2024 7:49 PM",35.3,68,28.4,1.82,27.23
"Jul 9, 2024 7:50 PM",35.2,68,28.4,1.82,27.16
"Jul 9, 2024 7:51 PM",35.2,68,28.3,1.81,27.09
"Jul 9, 2024 7:52 PM",35.1,68,28.3,1.81,27.02
"Jul 9, 2024 7:53 PM",35.0,68,28.3,1.80,26.95
"Jul 9, 2024 7:54 PM",35.0,68,28.2,1.80,26.88
"Jul 9, 2024 7:55 PM",34.9,68,28.1,1.79,26.74
"Jul 9, 2024 7:56 PM",34.8,69,28.3,1.72,26.99
"Jul 9, 2024 7:57 PM",34.8,69,28.2,1.72,26.92
"Jul 9, 2024 7:58 PM",34.7,69,28.2,1.71,26.85
"Jul 9, 2024 7:59 PM",34.7,69,28.2,1.71,26.85
"Jul 9, 2024 8:00 PM",34.7,70,28.4,1.66,27.24
"Jul 9, 2024 8:01 PM",34.7,70,28.4,1.65,27.17
"Jul 9, 2024 8:02 PM",34.6,70,28.3,1.65,27.10
"Jul 9, 2024 8:03 PM",34.6,70,28.3,1.65,27.10
"Jul 9, 2024 8:04 PM",34.6,70,28.3,1.65,27.10
"Jul 9, 2024 8:05 PM",34.6,70,28.3,1.65,27.10
"Jul 9, 2024 8:06 PM",34.6,70,28.3,1.65,27.10
"Jul 9, 2024 8:07 PM",34.6,70,28.3,1.65,27.10
"Jul 9, 2024 8:08 PM",34.6,70,28.3,1.65,27.10
"Jul 9, 2024 8:09 PM",34.5,70,28.3,1.65,27.03
"Jul 9, 2024 8:10 PM",34.5,70,28.2,1.64,26.96
"Jul 9, 2024 8:11 PM",34.5,70,28.2,1.64,26.89
"Jul 9, 2024 8:12 PM",34.4,70,28.1,1.63,26.82
"Jul 9, 2024 8:13 PM",34.4,70,28.1,1.63,26.82
"Jul 9, 2024 8:14 PM",34.4,70,28.1,1.63,26.82
"Jul 9, 2024 8:15 PM",34.3,70,28.1,1.63,26.75
"Jul 9, 2024 8:16 PM",34.3,71,28.3,1.57,27.06
"Jul 9, 2024 8:17 PM",34.3,71,28.3,1.57,27.06
"Jul 9, 2024 8:18 PM",34.3,71,28.3,1.57,27.06
"Jul 9, 2024 8:19 PM",34.3,71,28.2,1.56,26.99
"Jul 9, 2024 8:20 PM",34.2,71,28.2,1.56,26.92
"Jul 9, 2024 8:21 PM",34.2,71,28.2,1.56,26.92
"Jul 9, 2024 8:22 PM",34.2,71,28.2,1.56,26.92
"Jul 9, 2024 8:23 PM",34.2,71,28.1,1.56,26.85
"Jul 9, 2024 8:24 PM",34.1,71,28.1,1.55,26.78
"Jul 9, 2024 8:25 PM",34.1,71,28.1,1.55,26.78
"Jul 9, 2024 8:26 PM",34.1,71,28.1,1.55,26.78
"Jul 9, 2024 8:27 PM",34.0,71,28.0,1.55,26.71
"Jul 9, 2024 8:28 PM",34.0,71,28.0,1.54,26.64
"Jul 9, 2024 8:29 PM",34.0,71,27.9,1.54,26.57
"Jul 9, 2024 8:30 PM",33.9,72,28.1,1.48,26.87
"Jul 9, 2024 8:31 PM",33.8,72,28.1,1.48,26.80
"Jul 9, 2024 8:32 PM",33.8,72,28.0,1.47,26.73
"Jul 9, 2024 8:33 PM",33.8,72,28.0,1.47,26.73
"Jul 9, 2024 8:34 PM",33.8,72,28.0,1.47,26.73
"Jul 9, 2024 8:35 PM",33.8,72,28.0,1.47,26.66
"Jul 9, 2024 8:36 PM",33.7,72,27.9,1.46,26.59
"Jul 9, 2024 8:37 PM",33.7,72,27.9,1.46,26.52
"Jul 9, 2024 8:38 PM",33.6,72,27.8,1.46,26.45
"Jul 9, 2024 8:39 PM",33.6,72,27.8,1.46,26.45
"Jul 9, 2024 8:40 PM",33.6,73,28.1,1.40,26.82
"Jul 9, 2024 8:41 PM",33.5,73,28.0,1.40,26.75
"Jul 9, 2024 8:42 PM",33.5,73,28.0,1.40,26.68
"Jul 9, 2024 8:43 PM",33.5,73,27.9,1.39,26.61
"Jul 9, 2024 8:44 PM",33.4,73,27.9,1.39,26.54
"Jul 9, 2024 8:45 PM",33.4,73,27.9,1.39,26.54
"Jul 9, 2024 8:46 PM",33.4,73,27.9,1.39,26.54
"Jul 9, 2024 8:47 PM",33.3,73,27.8,1.38,26.47
"Jul 9, 2024 8:48 PM",33.3,73,27.8,1.38,26.40
"Jul 9, 2024 8:49 PM",33.3,73,27.8,1.38,26.40
"Jul 9, 2024 8:50 PM",33.3,73,27.8,1.38,26.40
"Jul 9, 2024 8:51 PM",33.3,73,27.8,1.38,26.33
"Jul 9, 2024 8:52 PM",33.2,73,27.7,1.37,26.26
"Jul 9, 2024 8:53 PM",33.2,73,27.7,1.37,26.19
"Jul 9, 2024 8:54 PM",33.1,73,27.6,1.37,26.12
"Jul 9, 2024 8:55 PM",33.1,73,27.6,1.37,26.12
"Jul 9, 2024 8:56 PM",33.1,74,27.8,1.32,26.48
"Jul 9, 2024 8:57 PM",33.0,74,27.8,1.31,26.41
"Jul 9, 2024 8:58 PM",33.0,74,27.7,1.31,26.34
"Jul 9, 2024 8:59 PM",33.0,75,28.0,1.26,26.70
"Jul 9, 2024 9:00 PM",33.0,76,28.2,1.21,27.05
"Jul 9, 2024 9:01 PM",33.0,76,28.2,1.20,26.98
"Jul 9, 2024 9:02 PM",32.9,76,28.1,1.20,26.91
"Jul 9, 2024 9:03 PM",32.9,76,28.1,1.20,26.91
"Jul 9, 2024 9:04 PM",32.9,76,28.1,1.20,26.91
"Jul 9, 2024 9:05 PM",32.8,76,28.1,1.20,26.84
"Jul 9, 2024 9:06 PM",32.8,76,28.0,1.19,26.77
"Jul 9, 2024 9:07 PM",32.8,76,28.0,1.19,26.77
"Jul 9, 2024 9:08 PM",32.8,76,28.0,1.19,26.77
"Jul 9, 2024 9:09 PM",32.8,76,28.0,1.19,26.70
"Jul 9, 2024 9:10 PM",32.7,76,27.9,1.19,26.63
"Jul 9, 2024 9:11 PM",32.7,75,27.7,1.24,26.28
"Jul 9, 2024 9:12 PM",32.7,75,27.7,1.24,26.28
"Jul 9, 2024 9:13 PM",32.7,75,27.7,1.24,26.28
"Jul 9, 2024 9:14 PM",32.7,75,27.7,1.24,26.28
"Jul 9, 2024 9:15 PM",32.7,75,27.6,1.23,26.21
"Jul 9, 2024 9:16 PM",32.6,75,27.6,1.23,26.14
"Jul 9, 2024 9:17 PM",32.5,75,27.5,1.23,26.07
"Jul 9, 2024 9:18 PM",32.5,75,27.5,1.22,26.00
"Jul 9, 2024 9:19 PM",32.5,75,27.5,1.22,26.00
"Jul 9, 2024 9:20 PM",32.5,75,27.5,1.22,26.00
"Jul 9, 2024 9:21 PM",32.5,75,27.4,1.22,25.93
"Jul 9, 2024 9:22 PM",32.4,75,27.4,1.22,25.86
"Jul 9, 2024 9:23 PM",32.4,75,27.4,1.22,25.86
"Jul 9, 2024 9:24 PM",32.4,75,27.4,1.22,25.86
"Jul 9, 2024 9:25 PM",32.3,75,27.3,1.21,25.79
"Jul 9, 2024 9:26 PM",32.3,75,27.3,1.21,25.73
"Jul 9, 2024 9:27 PM",32.3,75,27.3,1.21,25.66
"Jul 9, 2024 9:28 PM",32.2,75,27.2,1.20,25.59
"Jul 9, 2024 9:29 PM",32.2,75,27.2,1.20,25.59
"Jul 9, 2024 9:30 PM",32.2,75,27.2,1.20,25.59
"Jul 9, 2024 9:31 PM",32.2,75,27.2,1.20,25.52
"Jul 9, 2024 9:32 PM",32.1,75,27.1,1.20,25.45
"Jul 9, 2024 9:33 PM",32.1,75,27.1,1.20,25.45
"Jul 9, 2024 9:34 PM",32.1,75,27.1,1.20,25.45
"Jul 9, 2024 9:35 PM",32.0,75,27.1,1.19,25.39
"Jul 9, 2024 9:36 PM",32.0,75,27.0,1.19,25.32
"Jul 9, 2024 9:37 PM",32.0,74,26.8,1.24,24.98
"Jul 9, 2024 9:38 PM",32.0,74,26.8,1.24,24.98
"Jul 9, 2024 9:39 PM",32.0,74,26.7,1.23,24.92
"Jul 9, 2024 9:40 PM",31.9,74,26.7,1.23,24.85
"Jul 9, 2024 9:41 PM",31.9,74,26.7,1.23,24.85
"Jul 9, 2024 9:42 PM",31.9,74,26.7,1.23,24.85
"Jul 9, 2024 9:43 PM",31.9,74,26.7,1.23,24.85
"Jul 9, 2024 9:44 PM",31.9,74,26.7,1.23,24.85
"Jul 9, 2024 9:45 PM",31.8,74,26.6,1.23,24.78
"Jul 9, 2024 9:46 PM",31.8,74,26.6,1.22,24.72
"Jul 9, 2024 9:47 PM",31.8,74,26.6,1.22,24.72
"Jul 9, 2024 9:48 PM",31.8,74,26.6,1.22,24.72
"Jul 9, 2024 9:49 PM",31.8,74,26.6,1.22,24.72
"Jul 9, 2024 9:50 PM",31.8,74,26.6,1.22,24.72
"Jul 9, 2024 9:51 PM",31.8,74,26.5,1.22,24.65
"Jul 9, 2024 9:52 PM",31.7,74,26.5,1.22,24.59
"Jul 9, 2024 9:53 PM",31.7,74,26.5,1.22,24.59
"Jul 9, 2024 9:54 PM",31.7,74,26.5,1.22,24.59
"Jul 9, 2024 9:55 PM",31.7,74,26.5,1.22,24.59
"Jul 9, 2024 9:56 PM",31.7,74,26.5,1.22,24.59
"Jul 9, 2024 9:57 PM",31.7,74,26.5,1.22,24.59
"Jul 9, 2024 9:58 PM",31.7,75,26.7,1.17,24.92
"Jul 9, 2024 9:59 PM",31.7,75,26.7,1.17,24.85
"Jul 9, 2024 10:00 PM",31.6,75,26.6,1.16,24.78
"Jul 9, 2024 10:01 PM",31.6,76,26.8,1.12,25.12
"Jul 9, 2024 10:02 PM",31.6,78,27.3,1.02,25.78
"Jul 9, 2024 10:03 PM",31.6,78,27.3,1.02,25.78
"Jul 9, 2024 10:04 PM",31.6,78,27.3,1.02,25.78
"Jul 9, 2024 10:05 PM",31.6,77,27.1,1.07,25.45
"Jul 9, 2024 10:06 PM",31.6,77,27.1,1.07,25.45
"Jul 9, 2024 10:07 PM",31.6,77,27.1,1.07,25.45
"Jul 9, 2024 10:08 PM",31.6,77,27.1,1.07,25.45
"Jul 9, 2024 10:09 PM",31.6,77,27.1,1.07,25.45
"Jul 9, 2024 10:10 PM",31.6,78,27.3,1.02,25.78
"Jul 9, 2024 10:11 PM",31.6,78,27.3,1.02,25.78
"Jul 9, 2024 10:12 PM",31.6,78,27.3,1.02,25.78
"Jul 9, 2024 10:13 PM",31.6,78,27.3,1.02,25.78
"Jul 9, 2024 10:14 PM",31.6,78,27.3,1.02,25.78
"Jul 9, 2024 10:15 PM",31.6,78,27.3,1.02,25.78
"Jul 9, 2024 10:16 PM",31.6,78,27.3,1.02,25.78
"Jul 9, 2024 10:17 PM",31.6,78,27.3,1.02,25.78
"Jul 9, 2024 10:18 PM",31.6,78,27.3,1.02,25.78
"Jul 9, 2024 10:19 PM",31.6,78,27.3,1.02,25.78
"Jul 9, 2024 10:20 PM",31.6,79,27.5,0.98,26.11
"Jul 9, 2024 10:21 PM",31.6,79,27.5,0.98,26.11
"Jul 9, 2024 10:22 PM",31.6,79,27.5,0.98,26.11
"Jul 9, 2024 10:23 PM",31.6,79,27.5,0.98,26.11
"Jul 9, 2024 10:24 PM",31.6,79,27.5,0.98,26.11
"Jul 9, 2024 10:25 PM",31.6,79,27.5,0.98,26.11
"Jul 9, 2024 10:26 PM",31.6,79,27.5,0.98,26.11
"Jul 9, 2024 10:27 PM",31.5,79,27.5,0.97,26.04
"Jul 9, 2024 10:28 PM",31.5,79,27.4,0.97,25.97
"Jul 9, 2024 10:29 PM",31.5,79,27.4,0.97,25.97
"Jul 9, 2024 10:30 PM",31.5,79,27.4,0.97,25.97
"Jul 9, 2024 10:31 PM",31.5,79,27.4,0.97,25.97
"Jul 9, 2024 10:32 PM",31.5,79,27.4,0.97,25.97
"Jul 9, 2024 10:33 PM",31.5,79,27.4,0.97,25.97
"Jul 9, 2024 10:34 PM",31.5,79,27.4,0.97,25.97
"Jul 9, 2024 10:35 PM",31.5,79,27.4,0.97,25.97
"Jul 9, 2024 10:36 PM",31.5,79,27.4,0.97,25.97
"Jul 9, 2024 10:37 PM",31.5,79,27.4,0.97,25.90
"Jul 9, 2024 10:38 PM",31.4,79,27.3,0.97,25.83
"Jul 9, 2024 10:39 PM",31.4,79,27.3,0.97,25.83
"Jul 9, 2024 10:40 PM",31.4,79,27.3,0.97,25.83
"Jul 9, 2024 10:41 PM",31.4,79,27.3,0.97,25.83
"Jul 9, 2024 10:42 PM",31.4,79,27.3,0.97,25.83
"Jul 9, 2024 10:43 PM",31.4,78,27.1,1.01,25.50
"Jul 9, 2024 10:44 PM",31.4,78,27.1,1.01,25.50
"Jul 9, 2024 10:45 PM",31.4,78,27.1,1.01,25.50
"Jul 9, 2024 10:46 PM",31.4,78,27.1,1.01,25.50
"Jul 9, 2024 10:47 PM",31.4,78,27.1,1.01,25.50
"Jul 9, 2024 10:48 PM",31.4,78,27.1,1.01,25.50
"Jul 9, 2024 10:49 PM",31.4,78,27.1,1.01,25.50
"Jul 9, 2024 10:50 PM",31.4,78,27.1,1.01,25.50
"Jul 9, 2024 10:51 PM",31.4,78,27.1,1.01,25.50
"Jul 9, 2024 10:52 PM",31.4,78,27.1,1.01,25.50
"Jul 9, 2024 10:53 PM",31.4,78,27.1,1.01,25.50
"Jul 9, 2024 10:54 PM",31.4,78,27.1,1.01,25.50
"Jul 9, 2024 10:55 PM",31.3,77,26.8,1.05,25.11
"Jul 9, 2024 10:56 PM",31.3,77,26.8,1.05,25.04
"Jul 9, 2024 10:57 PM",31.3,77,26.8,1.05,25.04
"Jul 9, 2024 10:58 PM",31.3,77,26.8,1.05,25.04
"Jul 9, 2024 10:59 PM",31.3,77,26.8,1.05,25.04
"Jul 9, 2024 11:00 PM",31.3,78,27.0,1.01,25.37
"Jul 9, 2024 11:01 PM",31.3,78,27.0,1.01,25.37
"Jul 9, 2024 11:02 PM",31.3,78,27.0,1.01,25.37
"Jul 9, 2024 11:03 PM",31.3,78,27.0,1.01,25.37
"Jul 9, 2024 11:04 PM",31.3,78,27.0,1.01,25.37
"Jul 9, 2024 11:05 PM",31.3,78,27.0,1.01,25.37
"Jul 9, 2024 11:06 PM",31.3,78,27.0,1.01,25.37
"Jul 9, 2024 11:07 PM",31.3,78,27.0,1.01,25.37
"Jul 9, 2024 11:08 PM",31.3,78,27.0,1.01,25.37
"Jul 9, 2024 11:09 PM",31.3,78,27.0,1.01,25.37
"Jul 9, 2024 11:10 PM",31.3,78,27.0,1.01,25.37
"Jul 9, 2024 11:11 PM",31.3,78,27.0,1.01,25.37
"Jul 9, 2024 11:12 PM",31.3,78,27.0,1.01,25.37
"Jul 9, 2024 11:13 PM",31.3,78,27.0,1.01,25.37
"Jul 9, 2024 11:14 PM",31.3,78,27.0,1.01,25.37
"Jul 9, 2024 11:15 PM",31.3,78,27.0,1.01,25.37
"Jul 9, 2024 11:16 PM",31.3,78,27.0,1.01,25.37
"Jul 9, 2024 11:17 PM",31.3,78,27.0,1.01,25.37
"Jul 9, 2024 11:18 PM",31.3,78,27.0,1.01,25.37
"Jul 9, 2024 11:19 PM",31.3,78,27.0,1.01,25.37
"Jul 9, 2024 11:20 PM",31.3,79,27.2,0.96,25.69
"Jul 9, 2024 11:21 PM",31.3,79,27.2,0.96,25.69
"Jul 9, 2024 11:22 PM",31.3,79,27.2,0.96,25.69
"Jul 9, 2024 11:23 PM",31.3,79,27.2,0.96,25.69
"Jul 9, 2024 11:24 PM",31.3,79,27.2,0.96,25.69
"Jul 9, 2024 11:25 PM",31.3,79,27.2,0.96,25.62
"Jul 9, 2024 11:26 PM",31.2,79,27.1,0.95,25.55
"Jul 9, 2024 11:27 PM",31.2,79,27.1,0.95,25.55
"Jul 9, 2024 11:28 PM",31.2,79,27.1,0.95,25.55
"Jul 9, 2024 11:29 PM",31.2,79,27.1,0.95,25.55
"Jul 9, 2024 11:30 PM",31.2,79,27.1,0.95,25.55
"Jul 9, 2024 11:31 PM",31.2,79,27.1,0.95,25.55
"Jul 9, 2024 11:32 PM",31.2,80,27.3,0.91,25.88
"Jul 9, 2024 11:33 PM",31.2,80,27.3,0.91,25.88
"Jul 9, 2024 11:34 PM",31.2,80,27.3,0.91,25.88
"Jul 9, 2024 11:35 PM",31.2,80,27.3,0.91,25.88
"Jul 9, 2024 11:36 PM",31.2,80,27.3,0.91,25.88
"Jul 9, 2024 11:37 PM",31.2,80,27.3,0.91,25.81
"Jul 9, 2024 11:38 PM",31.1,80,27.2,0.90,25.74
"Jul 9, 2024 11:39 PM",31.1,80,27.2,0.90,25.74
"Jul 9, 2024 11:40 PM",31.1,80,27.2,0.90,25.74
"Jul 9, 2024 11:41 PM",31.1,80,27.2,0.90,25.74
"Jul 9, 2024 11:42 PM",31.1,80,27.2,0.90,25.74
"Jul 9, 2024 11:43 PM",31.1,80,27.2,0.90,25.74
"Jul 9, 2024 11:44 PM",31.1,80,27.2,0.90,25.74
"Jul 9, 2024 11:45 PM",31.1,80,27.2,0.90,25.74
"Jul 9, 2024 11:46 PM",31.1,80,27.2,0.90,25.74
"Jul 9, 2024 11:47 PM",31.1,80,27.2,0.90,25.74
"Jul 9, 2024 11:48 PM",31.1,80,27.2,0.90,25.74
"Jul 9, 2024 11:49 PM",31.1,80,27.2,0.90,25.74
"Jul 9, 2024 11:50 PM",31.1,80,27.2,0.90,25.74
"Jul 9, 2024 11:51 PM",31.1,80,27.2,0.90,25.74
"Jul 9, 2024 11:52 PM",31.1,80,27.2,0.90,25.74
"Jul 9, 2024 11:53 PM",31.0,80,27.2,0.90,25.67
"Jul 9, 2024 11:54 PM",31.0,80,27.1,0.90,25.60
"Jul 9, 2024 11:55 PM",31.0,80,27.1,0.90,25.60
"Jul 9, 2024 11:56 PM",31.0,80,27.1,0.90,25.60
"Jul 9, 2024 11:57 PM",31.0,80,27.1,0.90,25.60
"Jul 9, 2024 11:58 PM",31.0,80,27.1,0.90,25.60
"Jul 9, 2024 11:59 PM",31.0,80,27.1,0.90,25.60
"Jul 10, 2024 12:00 AM",31.0,80,27.1,0.90,25.60
"Jul 10, 2024 12:01 AM",31.0,80,27.1,0.90,25.60
"Jul 10, 2024 12:02 AM",31.0,80,27.1,0.90,25.60
"Jul 10, 2024 12:03 AM",31.0,80,27.1,0.90,25.60
"Jul 10, 2024 12:04 AM",31.0,80,27.1,0.90,25.60
"Jul 10, 2024 12:05 AM",31.0,80,27.1,0.90,25.60
"Jul 10, 2024 12:06 AM",31.0,80,27.1,0.90,25.60
"Jul 10, 2024 12:07 AM",31.0,80,27.1,0.90,25.60
"Jul 10, 2024 12:08 AM",31.0,81,27.4,0.85,25.92
"Jul 10, 2024 12:09 AM",31.0,81,27.4,0.85,25.92
"Jul 10, 2024 12:10 AM",31.0,81,27.4,0.85,25.92
"Jul 10, 2024 12:11 AM",31.0,81,27.4,0.85,25.92
"Jul 10, 2024 12:12 AM",31.0,81,27.4,0.85,25.92
"Jul 10, 2024 12:13 AM",31.0,81,27.4,0.85,25.92
"Jul 10, 2024 12:14 AM",31.0,81,27.4,0.85,25.92
"Jul 10, 2024 12:15 AM",31.0,81,27.4,0.85,25.92
"Jul 10, 2024 12:16 AM",31.0,81,27.4,0.85,25.92
"Jul 10, 2024 12:17 AM",31.0,81,27.4,0.85,25.92
"Jul 10, 2024 12:18 AM",31.0,81,27.4,0.85,25.92
"Jul 10, 2024 12:19 AM",31.0,81,27.4,0.85,25.92
"Jul 10, 2024 12:20 AM",31.0,81,27.4,0.85,25.92
"Jul 10, 2024 12:21 AM",31.0,81,27.4,0.85,25.92
"Jul 10, 2024 12:22 AM",31.0,81,27.4,0.85,25.92
"Jul 10, 2024 12:23 AM",31.0,81,27.4,0.85,25.92
"Jul 10, 2024 12:24 AM",31.0,81,27.4,0.85,25.92
"Jul 10, 2024 12:25 AM",31.0,81,27.4,0.85,25.92
"Jul 10, 2024 12:26 AM",31.0,81,27.4,0.85,25.92
"Jul 10, 2024 12:27 AM",31.0,81,27.4,0.85,25.92
"Jul 10, 2024 12:28 AM",31.0,81,27.4,0.85,25.92
"Jul 10, 2024 12:29 AM",31.0,81,27.4,0.85,25.92
"Jul 10, 2024 12:30 AM",31.0,81,27.4,0.85,25.92
"Jul 10, 2024 12:31 AM",31.0,81,27.4,0.85,25.92
"Jul 10, 2024 12:32 AM",31.0,81,27.4,0.85,25.92
"Jul 10, 2024 12:33 AM",31.0,81,27.4,0.85,25.92
"Jul 10, 2024 12:34 AM",31.0,81,27.4,0.85,25.92
"Jul 10, 2024 12:35 AM",31.0,81,27.4,0.85,25.92
"Jul 10, 2024 12:36 AM",31.0,81,27.4,0.85,25.92
"Jul 10, 2024 12:37 AM",31.0,81,27.4,0.85,25.92
"Jul 10, 2024 12:38 AM",31.0,81,27.4,0.85,25.92
"Jul 10, 2024 12:39 AM",31.0,81,27.4,0.85,25.92
"Jul 10, 2024 12:40 AM",31.0,81,27.4,0.85,25.92
"Jul 10, 2024 12:41 AM",31.0,81,27.4,0.85,25.92
"Jul 10, 2024 12:42 AM",31.0,81,27.4,0.85,25.92
"Jul 10, 2024 12:43 AM",31.0,81,27.4,0.85,25.92
"Jul 10, 2024 12:44 AM",31.0,81,27.4,0.85,25.92
"Jul 10, 2024 12:45 AM",31.0,81,27.4,0.85,25.92
"Jul 10, 2024 12:46 AM",31.0,81,27.4,0.85,25.92
"Jul 10, 2024 12:47 AM",31.0,81,27.4,0.85,25.92
"Jul 10, 2024 12:48 AM",31.0,81,27.4,0.85,25.92
"Jul 10, 2024 12:49 AM",31.0,81,27.4,0.85,25.92
"Jul 10, 2024 12:50 AM",31.0,81,27.4,0.85,25.92
"Jul 10, 2024 12:51 AM",31.0,81,27.4,0.85,25.92
"Jul 10, 2024 12:52 AM",31.0,81,27.4,0.85,25.92
"Jul 10, 2024 12:53 AM",31.0,81,27.4,0.85,25.92
"Jul 10, 2024 12:54 AM",31.0,81,27.4,0.85,25.92
"Jul 10, 2024 12:55 AM",31.0,81,27.3,0.85,25.85
"Jul 10, 2024 12:56 AM",30.9,81,27.3,0.85,25.78
"Jul 10, 2024 12:57 AM",30.9,81,27.3,0.85,25.78
"Jul 10, 2024 12:58 AM",30.9,81,27.3,0.85,25.78
"Jul 10, 2024 12:59 AM",30.9,81,27.3,0.85,25.78
"Jul 10, 2024 1:00 AM",30.9,81,27.3,0.85,25.78
"Jul 10, 2024 1:01 AM",30.9,81,27.3,0.85,25.78
"Jul 10, 2024 1:02 AM",30.9,81,27.3,0.85,25.78
"Jul 10, 2024 1:03 AM",30.9,81,27.3,0.85,25.78
"Jul 10, 2024 1:04 AM",30.9,82,27.5,0.80,26.10
"Jul 10, 2024 1:05 AM",30.9,82,27.5,0.80,26.10
"Jul 10, 2024 1:06 AM",30.9,82,27.5,0.80,26.10
"Jul 10, 2024 1:07 AM",30.9,82,27.5,0.80,26.10
"Jul 10, 2024 1:08 AM",30.9,82,27.5,0.80,26.10
"Jul 10, 2024 1:09 AM",30.9,82,27.5,0.80,26.10
"Jul 10, 2024 1:10 AM",30.9,82,27.5,0.80,26.10
"Jul 10, 2024 1:11 AM",30.9,82,27.5,0.80,26.10
"Jul 10, 2024 1:12 AM",30.9,82,27.5,0.80,26.10
"Jul 10, 2024 1:13 AM",30.9,82,27.5,0.80,26.10
"Jul 10, 2024 1:14 AM",30.9,82,27.5,0.80,26.10
"Jul 10, 2024 1:15 AM",30.9,82,27.5,0.80,26.10
"Jul 10, 2024 1:16 AM",30.9,82,27.5,0.80,26.10
"Jul 10, 2024 1:17 AM",30.8,82,27.4,0.80,26.03
"Jul 10, 2024 1:18 AM",30.8,82,27.4,0.80,25.96
"Jul 10, 2024 1:19 AM",30.8,82,27.4,0.80,25.96
"Jul 10, 2024 1:20 AM",30.8,82,27.4,0.80,25.96
"Jul 10, 2024 1:21 AM",30.8,82,27.4,0.80,25.96
"Jul 10, 2024 1:22 AM",30.8,82,27.4,0.80,25.96
"Jul 10, 2024 1:23 AM",30.8,82,27.4,0.80,25.96
"Jul 10, 2024 1:24 AM",30.8,82,27.4,0.80,25.96
"Jul 10, 2024 1:25 AM",30.8,82,27.4,0.80,25.96
"Jul 10, 2024 1:26 AM",30.8,82,27.4,0.80,25.96
"Jul 10, 2024 1:27 AM",30.8,82,27.4,0.80,25.96
"Jul 10, 2024 1:28 AM",30.8,82,27.4,0.80,25.96
"Jul 10, 2024 1:29 AM",30.8,82,27.4,0.80,25.96
"Jul 10, 2024 1:30 AM",30.8,82,27.4,0.80,25.96
"Jul 10, 2024 1:31 AM",30.8,82,27.4,0.80,25.96
"Jul 10, 2024 1:32 AM",30.8,82,27.4,0.80,25.96
"Jul 10, 2024 1:33 AM",30.8,82,27.4,0.80,25.96
"Jul 10, 2024 1:34 AM",30.8,83,27.6,0.76,26.28
"Jul 10, 2024 1:35 AM",30.8,83,27.6,0.76,26.28
"Jul 10, 2024 1:36 AM",30.8,83,27.6,0.76,26.28
"Jul 10, 2024 1:37 AM",30.8,83,27.6,0.76,26.28
"Jul 10, 2024 1:38 AM",30.8,83,27.6,0.76,26.28
"Jul 10, 2024 1:39 AM",30.8,83,27.6,0.76,26.28
"Jul 10, 2024 1:40 AM",30.8,83,27.6,0.76,26.28
"Jul 10, 2024 1:41 AM",30.8,83,27.6,0.76,26.28
"Jul 10, 2024 1:42 AM",30.8,83,27.6,0.76,26.28
"Jul 10, 2024 1:43 AM",30.8,83,27.5,0.75,26.21
"Jul 10, 2024 1:44 AM",30.7,83,27.5,0.75,26.14
"Jul 10, 2024 1:45 AM",30.7,83,27.5,0.75,26.14
"Jul 10, 2024 1:46 AM",30.7,83,27.5,0.75,26.14
"Jul 10, 2024 1:47 AM",30.7,83,27.5,0.75,26.14
"Jul 10, 2024 1:48 AM",30.7,83,27.5,0.75,26.14
"Jul 10, 2024 1:49 AM",30.7,83,27.5,0.75,26.14
"Jul 10, 2024 1:50 AM",30.7,83,27.5,0.75,26.14
"Jul 10, 2024 1:51 AM",30.7,83,27.5,0.75,26.14
"Jul 10, 2024 1:52 AM",30.7,83,27.5,0.75,26.14
"Jul 10, 2024 1:53 AM",30.7,83,27.5,0.75,26.14
"Jul 10, 2024 1:54 AM",30.7,83,27.5,0.75,26.14
"Jul 10, 2024 1:55 AM",30.7,83,27.5,0.75,26.14
"Jul 10, 2024 1:56 AM",30.7,83,27.5,0.75,26.14
"Jul 10, 2024 1:57 AM",30.7,83,27.5,0.75,26.14
"Jul 10, 2024 1:58 AM",30.7,83,27.5,0.75,26.14
"Jul 10, 2024 1:59 AM",30.7,83,27.5,0.75,26.14
"Jul 10, 2024 2:00 AM",30.7,83,27.5,0.75,26.14
"Jul 10, 2024 2:01 AM",30.7,83,27.5,0.75,26.14
"Jul 10, 2024 2:02 AM",30.7,83,27.5,0.75,26.14
"Jul 10, 2024 2:03 AM",30.7,83,27.4,0.75,26.07
"Jul 10, 2024 2:04 AM",30.6,83,27.4,0.75,26.00
"Jul 10, 2024 2:05 AM",30.6,83,27.4,0.75,26.00
"Jul 10, 2024 2:06 AM",30.6,83,27.4,0.75,26.00
"Jul 10, 2024 2:07 AM",30.6,83,27.4,0.75,26.00
"Jul 10, 2024 2:08 AM",30.6,83,27.4,0.75,26.00
"Jul 10, 2024 2:09 AM",30.6,83,27.4,0.75,26.00
"Jul 10, 2024 2:10 AM",30.6,83,27.4,0.75,26.00
"Jul 10, 2024 2:11 AM",30.6,83,27.4,0.75,26.00
"Jul 10, 2024 2:12 AM",30.6,83,27.4,0.75,26.00
"Jul 10, 2024 2:13 AM",30.6,83,27.4,0.75,26.00
"Jul 10, 2024 2:14 AM",30.6,83,27.4,0.75,26.00
"Jul 10, 2024 2:15 AM",30.6,83,27.4,0.75,26.00
"Jul 10, 2024 2:16 AM",30.6,83,27.4,0.75,26.00
"Jul 10, 2024 2:17 AM",30.6,83,27.4,0.75,26.00
"Jul 10, 2024 2:18 AM",30.6,83,27.4,0.75,26.00
"Jul 10, 2024 2:19 AM",30.6,83,27.4,0.75,26.00
"Jul 10, 2024 2:20 AM",30.6,83,27.4,0.75,26.00
"Jul 10, 2024 2:21 AM",30.5,83,27.3,0.74,25.93
"Jul 10, 2024 2:22 AM",30.5,83,27.3,0.74,25.86
"Jul 10, 2024 2:23 AM",30.5,83,27.3,0.74,25.86
"Jul 10, 2024 2:24 AM",30.5,83,27.3,0.74,25.86
"Jul 10, 2024 2:25 AM",30.5,83,27.3,0.74,25.86
"Jul 10, 2024 2:26 AM",30.5,83,27.3,0.74,25.86
"Jul 10, 2024 2:27 AM",30.5,83,27.3,0.74,25.86
"Jul 10, 2024 2:28 AM",30.5,83,27.3,0.74,25.86
"Jul 10, 2024 2:29 AM",30.5,83,27.3,0.74,25.86
"Jul 10, 2024 2:30 AM",30.5,84,27.5,0.70,26.17
"Jul 10, 2024 2:31 AM",30.5,84,27.5,0.70,26.17
"Jul 10, 2024 2:32 AM",30.5,84,27.5,0.70,26.17
"Jul 10, 2024 2:33 AM",30.5,84,27.5,0.70,26.17
"Jul 10, 2024 2:34 AM",30.5,84,27.5,0.70,26.17
"Jul 10, 2024 2:35 AM",30.5,84,27.5,0.70,26.17
"Jul 10, 2024 2:36 AM",30.5,84,27.5,0.70,26.17
"Jul 10, 2024 2:37 AM",30.5,84,27.4,0.70,26.10
"Jul 10, 2024 2:38 AM",30.4,84,27.4,0.69,26.03
"Jul 10, 2024 2:39 AM",30.4,84,27.4,0.69,26.03
"Jul 10, 2024 2:40 AM",30.4,84,27.4,0.69,26.03
"Jul 10, 2024 2:41 AM",30.4,84,27.4,0.69,26.03
"Jul 10, 2024 2:42 AM",30.4,84,27.4,0.69,26.03
"Jul 10, 2024 2:43 AM",30.4,84,27.4,0.69,26.03
"Jul 10, 2024 2:44 AM",30.4,84,27.4,0.69,26.03
"Jul 10, 2024 2:45 AM",30.4,84,27.4,0.69,26.03
"Jul 10, 2024 2:46 AM",30.4,84,27.4,0.69,26.03
"Jul 10, 2024 2:47 AM",30.4,84,27.4,0.69,26.03
"Jul 10, 2024 2:48 AM",30.4,84,27.4,0.69,26.03
"Jul 10, 2024 2:49 AM",30.4,84,27.4,0.69,26.03
"Jul 10, 2024 2:50 AM",30.4,84,27.4,0.69,26.03
"Jul 10, 2024 2:51 AM",30.4,84,27.4,0.69,26.03
"Jul 10, 2024 2:52 AM",30.4,84,27.4,0.69,26.03
"Jul 10, 2024 2:53 AM",30.4,84,27.4,0.69,26.03
"Jul 10, 2024 2:54 AM",30.4,84,27.4,0.69,26.03
"Jul 10, 2024 2:55 AM",30.3,84,27.3,0.69,25.96
"Jul 10, 2024 2:56 AM",30.3,84,27.3,0.69,25.89
"Jul 10, 2024 2:57 AM",30.3,84,27.3,0.69,25.89
"Jul 10, 2024 2:58 AM",30.3,84,27.3,0.69,25.89
"Jul 10, 2024 2:59 AM",30.3,84,27.3,0.69,25.89
"Jul 10, 2024 3:00 AM",30.3,84,27.3,0.69,25.89
"Jul 10, 2024 3:01 AM",30.3,84,27.3,0.69,25.89
"Jul 10, 2024 3:02 AM",30.3,84,27.3,0.69,25.89
"Jul 10, 2024 3:03 AM",30.3,84,27.3,0.69,25.89
"Jul 10, 2024 3:04 AM",30.3,84,27.3,0.69,25.89
"Jul 10, 2024 3:05 AM",30.3,84,27.3,0.69,25.89
"Jul 10, 2024 3:06 AM",30.3,84,27.3,0.69,25.89
"Jul 10, 2024 3:07 AM",30.3,84,27.3,0.69,25.89
"Jul 10, 2024 3:08 AM",30.3,84,27.3,0.69,25.89
"Jul 10, 2024 3:09 AM",30.3,84,27.3,0.69,25.89
"Jul 10, 2024 3:10 AM",30.3,85,27.5,0.65,26.20
"Jul 10, 2024 3:11 AM",30.3,85,27.4,0.65,26.13
"Jul 10, 2024 3:12 AM",30.2,85,27.4,0.64,26.06
"Jul 10, 2024 3:13 AM",30.2,85,27.4,0.64,26.06
"Jul 10, 2024 3:14 AM",30.2,85,27.4,0.64,26.06
"Jul 10, 2024 3:15 AM",30.2,85,27.4,0.64,26.06
"Jul 10, 2024 3:16 AM",30.2,85,27.4,0.64,26.06
"Jul 10, 2024 3:17 AM",30.2,85,27.4,0.64,26.06
"Jul 10, 2024 3:18 AM",30.2,85,27.4,0.64,26.06
"Jul 10, 2024 3:19 AM",30.2,85,27.4,0.64,26.06
"Jul 10, 2024 3:20 AM",30.2,85,27.4,0.64,26.06
"Jul 10, 2024 3:21 AM",30.2,85,27.4,0.64,26.06
"Jul 10, 2024 3:22 AM",30.2,85,27.4,0.64,26.06
"Jul 10, 2024 3:23 AM",30.2,85,27.4,0.64,26.06
"Jul 10, 2024 3:24 AM",30.2,85,27.4,0.64,26.06
"Jul 10, 2024 3:25 AM",30.2,85,27.4,0.64,26.06
"Jul 10, 2024 3:26 AM",30.2,85,27.4,0.64,26.06
"Jul 10, 2024 3:27 AM",30.2,85,27.4,0.64,26.06
"Jul 10, 2024 3:28 AM",30.2,85,27.4,0.64,26.06
"Jul 10, 2024 3:29 AM",30.2,85,27.3,0.64,25.99
"Jul 10, 2024 3:30 AM",30.1,85,27.3,0.64,25.92
"Jul 10, 2024 3:31 AM",30.1,85,27.3,0.64,25.92
"Jul 10, 2024 3:32 AM",30.1,85,27.3,0.64,25.92
"Jul 10, 2024 3:33 AM",30.1,85,27.3,0.64,25.92
"Jul 10, 2024 3:34 AM",30.1,85,27.3,0.64,25.92
"Jul 10, 2024 3:35 AM",30.1,85,27.3,0.64,25.92
"Jul 10, 2024 3:36 AM",30.1,85,27.3,0.64,25.92
"Jul 10, 2024 3:37 AM",30.0,85,27.2,0.64,25.85
"Jul 10, 2024 3:38 AM",30.0,85,27.2,0.64,25.78
"Jul 10, 2024 3:39 AM",30.0,85,27.2,0.64,25.78
"Jul 10, 2024 3:40 AM",30.0,85,27.2,0.64,25.78
"Jul 10, 2024 3:41 AM",30.0,85,27.2,0.64,25.78
"Jul 10, 2024 3:42 AM",30.0,85,27.2,0.64,25.78
"Jul 10, 2024 3:43 AM",30.0,85,27.2,0.64,25.78
"Jul 10, 2024 3:44 AM",30.0,85,27.2,0.64,25.78
"Jul 10, 2024 3:45 AM",30.0,85,27.2,0.64,25.78
"Jul 10, 2024 3:46 AM",30.0,85,27.2,0.64,25.78
"Jul 10, 2024 3:47 AM",30.0,85,27.2,0.64,25.78
"Jul 10, 2024 3:48 AM",30.0,85,27.2,0.64,25.78
"Jul 10, 2024 3:49 AM",30.0,85,27.2,0.64,25.78
"Jul 10, 2024 3:50 AM",30.0,85,27.2,0.64,25.78
"Jul 10, 2024 3:51 AM",30.0,85,27.2,0.63,25.71
"Jul 10, 2024 3:52 AM",29.9,85,27.1,0.63,25.64
"Jul 10, 2024 3:53 AM",29.9,85,27.1,0.63,25.64
"Jul 10, 2024 3:54 AM",29.9,85,27.1,0.63,25.64
"Jul 10, 2024 3:55 AM",29.9,85,27.1,0.63,25.64
"Jul 10, 2024 3:56 AM",29.9,85,27.1,0.63,25.64
"Jul 10, 2024 3:57 AM",29.9,85,27.1,0.63,25.64
"Jul 10, 2024 3:58 AM",29.9,85,27.1,0.63,25.64
"Jul 10, 2024 3:59 AM",29.9,85,27.1,0.63,25.64
"Jul 10, 2024 4:00 AM",29.9,85,27.1,0.63,25.64
"Jul 10, 2024 4:01 AM",29.9,85,27.1,0.63,25.64
"Jul 10, 2024 4:02 AM",29.9,86,27.3,0.59,25.94
"Jul 10, 2024 4:03 AM",29.9,86,27.3,0.59,25.94
"Jul 10, 2024 4:04 AM",29.9,86,27.3,0.59,25.94
"Jul 10, 2024 4:05 AM",29.9,86,27.3,0.59,25.94
"Jul 10, 2024 4:06 AM",29.9,86,27.3,0.59,25.94
"Jul 10, 2024 4:07 AM",29.9,86,27.3,0.59,25.94
"Jul 10, 2024 4:08 AM",29.9,86,27.3,0.59,25.94
"Jul 10, 2024 4:09 AM",29.9,86,27.3,0.59,25.94
"Jul 10, 2024 4:10 AM",29.9,86,27.3,0.59,25.94
"Jul 10, 2024 4:11 AM",29.8,86,27.3,0.59,25.87
"Jul 10, 2024 4:12 AM",29.8,86,27.2,0.59,25.80
"Jul 10, 2024 4:13 AM",29.8,86,27.2,0.59,25.80
"Jul 10, 2024 4:14 AM",29.8,86,27.2,0.59,25.80
"Jul 10, 2024 4:15 AM",29.8,86,27.2,0.59,25.80
"Jul 10, 2024 4:16 AM",29.8,86,27.2,0.59,25.80
"Jul 10, 2024 4:17 AM",29.8,86,27.2,0.59,25.80
"Jul 10, 2024 4:18 AM",29.8,86,27.2,0.59,25.80
"Jul 10, 2024 4:19 AM",29.8,86,27.2,0.59,25.80
"Jul 10, 2024 4:20 AM",29.8,86,27.2,0.59,25.80
"Jul 10, 2024 4:21 AM",29.8,86,27.2,0.59,25.80
"Jul 10, 2024 4:22 AM",29.8,86,27.2,0.59,25.80
"Jul 10, 2024 4:23 AM",29.8,86,27.2,0.59,25.80
"Jul 10, 2024 4:24 AM",29.8,86,27.2,0.59,25.80
"Jul 10, 2024 4:25 AM",29.8,86,27.2,0.59,25.80
"Jul 10, 2024 4:26 AM",29.8,86,27.2,0.59,25.80
"Jul 10, 2024 4:27 AM",29.8,86,27.2,0.59,25.80
"Jul 10, 2024 4:28 AM",29.8,86,27.2,0.59,25.80
"Jul 10, 2024 4:29 AM",29.8,86,27.2,0.59,25.80
"Jul 10, 2024 4:30 AM",29.8,86,27.2,0.59,25.80
"Jul 10, 2024 4:31 AM",29.8,86,27.2,0.59,25.73
"Jul 10, 2024 4:32 AM",29.7,86,27.1,0.58,25.66
"Jul 10, 2024 4:33 AM",29.7,86,27.1,0.58,25.66
"Jul 10, 2024 4:34 AM",29.7,86,27.1,0.58,25.66
"Jul 10, 2024 4:35 AM",29.7,86,27.1,0.58,25.66
"Jul 10, 2024 4:36 AM",29.7,87,27.3,0.54,25.96
"Jul 10, 2024 4:37 AM",29.7,87,27.3,0.54,25.96
"Jul 10, 2024 4:38 AM",29.7,87,27.3,0.54,25.96
"Jul 10, 2024 4:39 AM",29.7,87,27.3,0.54,25.96
"Jul 10, 2024 4:40 AM",29.7,87,27.3,0.54,25.96
"Jul 10, 2024 4:41 AM",29.7,87,27.3,0.54,25.96
"Jul 10, 2024 4:42 AM",29.7,87,27.3,0.54,25.96
"Jul 10, 2024 4:43 AM",29.7,87,27.3,0.54,25.96
"Jul 10, 2024 4:44 AM",29.7,87,27.3,0.54,25.96
"Jul 10, 2024 4:45 AM",29.7,87,27.3,0.54,25.89
"Jul 10, 2024 4:46 AM",29.6,87,27.2,0.54,25.82
"Jul 10, 2024 4:47 AM",29.6,87,27.2,0.54,25.82
"Jul 10, 2024 4:48 AM",29.6,87,27.2,0.54,25.82
"Jul 10, 2024 4:49 AM",29.6,87,27.2,0.54,25.82
"Jul 10, 2024 4:50 AM",29.6,87,27.2,0.54,25.82
"Jul 10, 2024 4:51 AM",29.6,87,27.2,0.54,25.82
"Jul 10, 2024 4:52 AM",29.6,87,27.2,0.54,25.82
"Jul 10, 2024 4:53 AM",29.6,87,27.2,0.54,25.82
"Jul 10, 2024 4:54 AM",29.6,87,27.2,0.54,25.82
"Jul 10, 2024 4:55 AM",29.6,87,27.2,0.54,25.82
"Jul 10, 2024 4:56 AM",29.6,87,27.2,0.54,25.82
"Jul 10, 2024 4:57 AM",29.6,87,27.2,0.54,25.82
"Jul 10, 2024 4:58 AM",29.6,87,27.2,0.54,25.82
"Jul 10, 2024 4:59 AM",29.6,87,27.2,0.54,25.82
"Jul 10, 2024 5:00 AM",29.6,87,27.2,0.54,25.82
"Jul 10, 2024 5:01 AM",29.6,87,27.2,0.54,25.82
"Jul 10, 2024 5:02 AM",29.6,87,27.2,0.54,25.82
"Jul 10, 2024 5:03 AM",29.6,87,27.2,0.54,25.82
"Jul 10, 2024 5:04 AM",29.6,87,27.2,0.54,25.82
"Jul 10, 2024 5:05 AM",29.6,87,27.2,0.54,25.82
"Jul 10, 2024 5:06 AM",29.6,87,27.2,0.54,25.82
"Jul 10, 2024 5:07 AM",29.6,87,27.2,0.54,25.82
"Jul 10, 2024 5:08 AM",29.6,87,27.2,0.54,25.82
"Jul 10, 2024 5:09 AM",29.6,87,27.2,0.54,25.82
"Jul 10, 2024 5:10 AM",29.6,87,27.2,0.54,25.82
"Jul 10, 2024 5:11 AM",29.6,87,27.2,0.54,25.82
"Jul 10, 2024 5:12 AM",29.6,87,27.2,0.54,25.82
"Jul 10, 2024 5:13 AM",29.6,87,27.2,0.54,25.82
"Jul 10, 2024 5:14 AM",29.6,87,27.2,0.54,25.82
"Jul 10, 2024 5:15 AM",29.6,87,27.2,0.54,25.82
"Jul 10, 2024 5:16 AM",29.6,87,27.2,0.54,25.82
"Jul 10, 2024 5:17 AM",29.6,87,27.2,0.54,25.82
"Jul 10, 2024 5:18 AM",29.6,87,27.2,0.54,25.82
"Jul 10, 2024 5:19 AM",29.6,87,27.2,0.54,25.82
"Jul 10, 2024 5:20 AM",29.6,87,27.2,0.54,25.82
"Jul 10, 2024 5:21 AM",29.6,87,27.2,0.54,25.82
"Jul 10, 2024 5:22 AM",29.6,87,27.2,0.54,25.82
"Jul 10, 2024 5:23 AM",29.6,87,27.2,0.54,25.82
"Jul 10, 2024 5:24 AM",29.6,87,27.2,0.54,25.82
"Jul 10, 2024 5:25 AM",29.6,87,27.2,0.54,25.82
"Jul 10, 2024 5:26 AM",29.6,87,27.2,0.54,25.82
"Jul 10, 2024 5:27 AM",29.6,87,27.2,0.54,25.82
"Jul 10, 2024 5:28 AM",29.6,87,27.2,0.54,25.82
"Jul 10, 2024 5:29 AM",29.6,87,27.2,0.54,25.82
"Jul 10, 2024 5:30 AM",29.6,87,27.2,0.54,25.82
"Jul 10, 2024 5:31 AM",29.6,87,27.2,0.54,25.82
"Jul 10, 2024 5:32 AM",29.6,87,27.2,0.54,25.82
"Jul 10, 2024 5:33 AM",29.6,87,27.2,0.54,25.82
"Jul 10, 2024 5:34 AM",29.6,87,27.2,0.54,25.82
"Jul 10, 2024 5:35 AM",29.5,87,27.2,0.54,25.75
"Jul 10, 2024 5:36 AM",29.5,87,27.1,0.54,25.68
"Jul 10, 2024 5:37 AM",29.5,87,27.1,0.54,25.68
"Jul 10, 2024 5:38 AM",29.5,87,27.1,0.54,25.68
"Jul 10, 2024 5:39 AM",29.5,87,27.1,0.54,25.68
"Jul 10, 2024 5:40 AM",29.5,87,27.1,0.54,25.68
"Jul 10, 2024 5:41 AM",29.5,87,27.1,0.54,25.68
"Jul 10, 2024 5:42 AM",29.5,87,27.1,0.54,25.68
"Jul 10, 2024 5:43 AM",29.5,87,27.1,0.54,25.68
"Jul 10, 2024 5:44 AM",29.5,87,27.1,0.54,25.68
"Jul 10, 2024 5:45 AM",29.5,87,27.1,0.54,25.68
"Jul 10, 2024 5:46 AM",29.5,87,27.1,0.54,25.68
"Jul 10, 2024 5:47 AM",29.5,87,27.1,0.54,25.68
"Jul 10, 2024 5:48 AM",29.5,87,27.1,0.54,25.68
"Jul 10, 2024 5:49 AM",29.5,87,27.1,0.54,25.68
"Jul 10, 2024 5:50 AM",29.5,87,27.1,0.54,25.68
"Jul 10, 2024 5:51 AM",29.5,87,27.1,0.54,25.68
"Jul 10, 2024 5:52 AM",29.5,88,27.3,0.49,25.97
"Jul 10, 2024 5:53 AM",29.5,88,27.3,0.49,25.97
"Jul 10, 2024 5:54 AM",29.5,88,27.3,0.49,25.97
"Jul 10, 2024 5:55 AM",29.5,88,27.3,0.49,25.97
"Jul 10, 2024 5:56 AM",29.5,88,27.3,0.49,25.97
"Jul 10, 2024 5:57 AM",29.5,88,27.3,0.49,25.97
"Jul 10, 2024 5:58 AM",29.5,88,27.3,0.49,25.97
"Jul 10, 2024 5:59 AM",29.5,88,27.3,0.49,25.97
"Jul 10, 2024 6:00 AM",29.5,88,27.3,0.49,25.97
"Jul 10, 2024 6:01 AM",29.5,88,27.3,0.49,25.97
"Jul 10, 2024 6:02 AM",29.5,88,27.3,0.49,25.97
"Jul 10, 2024 6:03 AM",29.5,88,27.3,0.49,25.97
"Jul 10, 2024 6:04 AM",29.5,88,27.3,0.49,25.97
"Jul 10, 2024 6:05 AM",29.5,88,27.3,0.49,25.97
"Jul 10, 2024 6:06 AM",29.5,88,27.3,0.49,25.97
"Jul 10, 2024 6:07 AM",29.5,88,27.3,0.49,25.97
"Jul 10, 2024 6:08 AM",29.5,88,27.3,0.49,25.97
"Jul 10, 2024 6:09 AM",29.5,88,27.3,0.49,25.97
"Jul 10, 2024 6:10 AM",29.5,88,27.3,0.49,25.97
"Jul 10, 2024 6:11 AM",29.5,88,27.3,0.49,25.97
"Jul 10, 2024 6:12 AM",29.5,88,27.3,0.49,25.97
"Jul 10, 2024 6:13 AM",29.5,88,27.3,0.49,25.97
"Jul 10, 2024 6:14 AM",29.5,88,27.3,0.49,25.97
"Jul 10, 2024 6:15 AM",29.5,88,27.3,0.49,25.97
"Jul 10, 2024 6:16 AM",29.5,88,27.3,0.49,25.97
"Jul 10, 2024 6:17 AM",29.5,88,27.3,0.49,25.97
"Jul 10, 2024 6:18 AM",29.5,88,27.3,0.49,25.97
"Jul 10, 2024 6:19 AM",29.5,88,27.3,0.49,25.90
"Jul 10, 2024 6:20 AM",29.4,88,27.2,0.49,25.83
"Jul 10, 2024 6:21 AM",29.4,88,27.2,0.49,25.83
"Jul 10, 2024 6:22 AM",29.4,88,27.2,0.49,25.83
"Jul 10, 2024 6:23 AM",29.4,88,27.2,0.49,25.83
"Jul 10, 2024 6:24 AM",29.4,88,27.2,0.49,25.83
"Jul 10, 2024 6:25 AM",29.4,88,27.2,0.49,25.83
"Jul 10, 2024 6:26 AM",29.4,88,27.2,0.49,25.83
"Jul 10, 2024 6:27 AM",29.4,88,27.2,0.49,25.83
"Jul 10, 2024 6:28 AM",29.4,88,27.2,0.49,25.83
"Jul 10, 2024 6:29 AM",29.4,88,27.2,0.49,25.83
"Jul 10, 2024 6:30 AM",29.4,88,27.2,0.49,25.83
"Jul 10, 2024 6:31 AM",29.4,88,27.2,0.49,25.83
"Jul 10, 2024 6:32 AM",29.4,88,27.2,0.49,25.83
"Jul 10, 2024 6:33 AM",29.4,88,27.2,0.49,25.83
"Jul 10, 2024 6:34 AM",29.4,88,27.2,0.49,25.83
"Jul 10, 2024 6:35 AM",29.4,88,27.2,0.49,25.83
"Jul 10, 2024 6:36 AM",29.4,88,27.2,0.49,25.83
"Jul 10, 2024 6:37 AM",29.4,88,27.2,0.49,25.83
"Jul 10, 2024 6:38 AM",29.4,88,27.2,0.49,25.83
"Jul 10, 2024 6:39 AM",29.4,88,27.2,0.49,25.83
"Jul 10, 2024 6:40 AM",29.4,88,27.2,0.49,25.83
"Jul 10, 2024 6:41 AM",29.4,88,27.2,0.49,25.83
"Jul 10, 2024 6:42 AM",29.4,88,27.2,0.49,25.83
"Jul 10, 2024 6:43 AM",29.4,88,27.2,0.49,25.83
"Jul 10, 2024 6:44 AM",29.4,88,27.2,0.49,25.83
"Jul 10, 2024 6:45 AM",29.4,88,27.2,0.49,25.83
"Jul 10, 2024 6:46 AM",29.4,88,27.2,0.49,25.83
"Jul 10, 2024 6:47 AM",29.4,88,27.2,0.49,25.83
"Jul 10, 2024 6:48 AM",29.4,88,27.2,0.49,25.83
"Jul 10, 2024 6:49 AM",29.4,88,27.2,0.49,25.83
"Jul 10, 2024 6:50 AM",29.4,88,27.2,0.49,25.83
"Jul 10, 2024 6:51 AM",29.4,88,27.2,0.49,25.83
"Jul 10, 2024 6:52 AM",29.4,88,27.2,0.49,25.83
"Jul 10, 2024 6:53 AM",29.4,88,27.2,0.49,25.83
"Jul 10, 2024 6:54 AM",29.4,88,27.2,0.49,25.83
"Jul 10, 2024 6:55 AM",29.4,88,27.2,0.49,25.83
"Jul 10, 2024 6:56 AM",29.4,88,27.2,0.49,25.83
"Jul 10, 2024 6:57 AM",29.4,88,27.2,0.49,25.83
"Jul 10, 2024 6:58 AM",29.4,88,27.2,0.49,25.83
"Jul 10, 2024 6:59 AM",29.4,88,27.2,0.49,25.83
"Jul 10, 2024 7:00 AM",29.4,88,27.2,0.49,25.83
"Jul 10, 2024 7:01 AM",29.4,88,27.2,0.49,25.83
"Jul 10, 2024 7:02 AM",29.4,88,27.2,0.49,25.83
"Jul 10, 2024 7:03 AM",29.4,88,27.2,0.49,25.83
"Jul 10, 2024 7:04 AM",29.4,89,27.4,0.45,26.13
"Jul 10, 2024 7:05 AM",29.4,89,27.4,0.45,26.13
"Jul 10, 2024 7:06 AM",29.4,89,27.4,0.45,26.13
"Jul 10, 2024 7:07 AM",29.4,89,27.4,0.45,26.13
"Jul 10, 2024 7:08 AM",29.4,89,27.4,0.45,26.13
"Jul 10, 2024 7:09 AM",29.3,89,27.3,0.45,26.05
"Jul 10, 2024 7:10 AM",29.3,89,27.3,0.45,25.98
"Jul 10, 2024 7:11 AM",29.3,89,27.3,0.45,25.98
"Jul 10, 2024 7:12 AM",29.3,89,27.3,0.45,25.98
"Jul 10, 2024 7:13 AM",29.3,89,27.3,0.45,25.98
"Jul 10, 2024 7:14 AM",29.3,89,27.3,0.45,25.98
"Jul 10, 2024 7:15 AM",29.3,89,27.3,0.45,25.98
"Jul 10, 2024 7:16 AM",29.3,89,27.3,0.45,25.98
"Jul 10, 2024 7:17 AM",29.3,89,27.3,0.45,25.98
"Jul 10, 2024 7:18 AM",29.3,89,27.3,0.45,25.98
"Jul 10, 2024 7:19 AM",29.3,89,27.3,0.45,25.98
"Jul 10, 2024 7:20 AM",29.3,89,27.3,0.45,25.98
"Jul 10, 2024 7:21 AM",29.3,89,27.3,0.45,25.98
"Jul 10, 2024 7:22 AM",29.3,89,27.3,0.45,25.98
"Jul 10, 2024 7:23 AM",29.3,89,27.3,0.45,25.98
"Jul 10, 2024 7:24 AM",29.3,89,27.3,0.45,25.98
"Jul 10, 2024 7:25 AM",29.3,89,27.3,0.45,25.98
"Jul 10, 2024 7:26 AM",29.3,89,27.3,0.45,25.98
"Jul 10, 2024 7:27 AM",29.3,89,27.3,0.45,25.98
"Jul 10, 2024 7:28 AM",29.3,89,27.3,0.45,25.98
"Jul 10, 2024 7:29 AM",29.3,89,27.3,0.45,25.98
"Jul 10, 2024 7:30 AM",29.3,89,27.3,0.45,25.98
"Jul 10, 2024 7:31 AM",29.3,89,27.3,0.45,25.98
"Jul 10, 2024 7:32 AM",29.3,89,27.3,0.45,25.98
"Jul 10, 2024 7:33 AM",29.3,89,27.3,0.45,25.98
"Jul 10, 2024 7:34 AM",29.3,89,27.3,0.45,25.98
"Jul 10, 2024 7:35 AM",29.3,89,27.3,0.45,25.98
"Jul 10, 2024 7:36 AM",29.3,89,27.3,0.45,25.98
"Jul 10, 2024 7:37 AM",29.3,89,27.3,0.45,25.98
"Jul 10, 2024 7:38 AM",29.3,89,27.3,0.45,25.98
"Jul 10, 2024 7:39 AM",29.3,89,27.3,0.45,25.98
"Jul 10, 2024 7:40 AM",29.3,89,27.3,0.45,25.98
"Jul 10, 2024 7:41 AM",29.3,89,27.3,0.45,25.98
"Jul 10, 2024 7:42 AM",29.3,89,27.3,0.45,25.98
"Jul 10, 2024 7:43 AM",29.3,89,27.3,0.45,25.98
"Jul 10, 2024 7:44 AM",29.3,89,27.3,0.45,25.98
"Jul 10, 2024 7:45 AM",29.3,89,27.3,0.45,25.98
"Jul 10, 2024 7:46 AM",29.3,89,27.3,0.45,25.98
"Jul 10, 2024 7:47 AM",29.3,89,27.3,0.45,25.98
"Jul 10, 2024 7:48 AM",29.3,89,27.3,0.45,25.98
"Jul 10, 2024 7:49 AM",29.3,89,27.3,0.45,25.98
"Jul 10, 2024 7:50 AM",29.3,89,27.3,0.45,25.98
"Jul 10, 2024 7:51 AM",29.3,89,27.3,0.45,25.98
"Jul 10, 2024 7:52 AM",29.3,89,27.3,0.45,25.98
"Jul 10, 2024 7:53 AM",29.3,89,27.3,0.45,25.98
"Jul 10, 2024 7:54 AM",29.3,89,27.3,0.45,25.98
"Jul 10, 2024 7:55 AM",29.3,89,27.2,0.45,25.91
"Jul 10, 2024 7:56 AM",29.2,89,27.2,0.45,25.84
"Jul 10, 2024 7:57 AM",29.2,89,27.2,0.45,25.84
"Jul 10, 2024 7:58 AM",29.2,89,27.2,0.45,25.84
"Jul 10, 2024 7:59 AM",29.2,89,27.2,0.45,25.84
"Jul 10, 2024 8:00 AM",29.2,89,27.2,0.45,25.84
"Jul 10, 2024 8:01 AM",29.2,89,27.2,0.45,25.84
"Jul 10, 2024 8:02 AM",29.2,89,27.2,0.45,25.84
"Jul 10, 2024 8:03 AM",29.2,89,27.2,0.45,25.84
"Jul 10, 2024 8:04 AM",29.2,89,27.2,0.45,25.84
"Jul 10, 2024 8:05 AM",29.2,89,27.2,0.45,25.84
"Jul 10, 2024 8:06 AM",29.2,89,27.2,0.45,25.84
"Jul 10, 2024 8:07 AM",29.3,89,27.2,0.45,25.91
"Jul 10, 2024 8:08 AM",29.3,89,27.3,0.45,25.98
"Jul 10, 2024 8:09 AM",29.3,89,27.3,0.45,25.98
"Jul 10, 2024 8:10 AM",29.3,89,27.3,0.45,25.98
"Jul 10, 2024 8:11 AM",29.3,89,27.3,0.45,25.98
"Jul 10, 2024 8:12 AM",29.3,89,27.3,0.45,25.98
"Jul 10, 2024 8:13 AM",29.3,89,27.3,0.45,25.98
"Jul 10, 2024 8:14 AM",29.3,89,27.3,0.45,25.98
"Jul 10, 2024 8:15 AM",29.3,89,27.3,0.45,25.98
"Jul 10, 2024 8:16 AM",29.3,89,27.3,0.45,25.98
"Jul 10, 2024 8:17 AM",29.3,89,27.3,0.45,26.05
"Jul 10, 2024 8:18 AM",29.4,89,27.4,0.45,26.13
"Jul 10, 2024 8:19 AM",29.4,89,27.4,0.45,26.13
"Jul 10, 2024 8:20 AM",29.4,89,27.4,0.45,26.13
"Jul 10, 2024 8:21 AM",29.4,89,27.4,0.45,26.13
"Jul 10, 2024 8:22 AM",29.4,89,27.4,0.45,26.13
"Jul 10, 2024 8:23 AM",29.5,89,27.4,0.45,26.20
"Jul 10, 2024 8:24 AM",29.5,89,27.5,0.45,26.27
"Jul 10, 2024 8:25 AM",29.5,89,27.5,0.45,26.27
"Jul 10, 2024 8:26 AM",29.5,89,27.5,0.45,26.27
"Jul 10, 2024 8:27 AM",29.5,89,27.5,0.45,26.27
"Jul 10, 2024 8:28 AM",29.5,89,27.5,0.45,26.27
"Jul 10, 2024 8:29 AM",29.5,89,27.5,0.45,26.27
"Jul 10, 2024 8:30 AM",29.5,89,27.5,0.45,26.27
"Jul 10, 2024 8:31 AM",29.5,89,27.5,0.45,26.34
"Jul 10, 2024 8:32 AM",29.6,89,27.6,0.46,26.41
"Jul 10, 2024 8:33 AM",29.6,89,27.6,0.46,26.41
"Jul 10, 2024 8:34 AM",29.6,89,27.6,0.46,26.41
"Jul 10, 2024 8:35 AM",29.7,89,27.6,0.46,26.48
"Jul 10, 2024 8:36 AM",29.7,89,27.7,0.46,26.55
"Jul 10, 2024 8:37 AM",29.7,88,27.5,0.50,26.26
"Jul 10, 2024 8:38 AM",29.7,88,27.5,0.50,26.26
"Jul 10, 2024 8:39 AM",29.7,88,27.5,0.50,26.26
"Jul 10, 2024 8:40 AM",29.7,88,27.5,0.50,26.26
"Jul 10, 2024 8:41 AM",29.8,88,27.5,0.50,26.33
"Jul 10, 2024 8:42 AM",29.8,88,27.6,0.50,26.40
"Jul 10, 2024 8:43 AM",29.8,88,27.6,0.50,26.40
"Jul 10, 2024 8:44 AM",29.8,88,27.6,0.50,26.40
"Jul 10, 2024 8:45 AM",29.8,88,27.6,0.50,26.47
"Jul 10, 2024 8:46 AM",29.9,88,27.7,0.51,26.54
"Jul 10, 2024 8:47 AM",29.9,88,27.7,0.51,26.54
"Jul 10, 2024 8:48 AM",29.9,88,27.7,0.51,26.54
"Jul 10, 2024 8:49 AM",30.0,88,27.7,0.51,26.61
"Jul 10, 2024 8:50 AM",30.0,88,27.8,0.51,26.69
"Jul 10, 2024 8:51 AM",30.0,88,27.8,0.51,26.69
"Jul 10, 2024 8:52 AM",30.0,88,27.8,0.51,26.69
"Jul 10, 2024 8:53 AM",30.0,88,27.8,0.51,26.76
"Jul 10, 2024 8:54 AM",30.1,88,27.9,0.51,26.83
"Jul 10, 2024 8:55 AM",30.1,88,27.9,0.51,26.83
"Jul 10, 2024 8:56 AM",30.1,88,27.9,0.51,26.83
"Jul 10, 2024 8:57 AM",30.1,87,27.7,0.55,26.53
"Jul 10, 2024 8:58 AM",30.1,87,27.7,0.55,26.53
"Jul 10, 2024 8:59 AM",30.2,87,27.7,0.56,26.60
"Jul 10, 2024 9:00 AM",30.2,87,27.8,0.56,26.67
"Jul 10, 2024 9:01 AM",30.2,87,27.8,0.56,26.67
"Jul 10, 2024 9:02 AM",30.2,87,27.8,0.56,26.67
"Jul 10, 2024 9:03 AM",30.3,87,27.8,0.56,26.74
"Jul 10, 2024 9:04 AM",30.3,87,27.9,0.56,26.81
"Jul 10, 2024 9:05 AM",30.3,87,27.9,0.56,26.81
"Jul 10, 2024 9:06 AM",30.3,87,27.9,0.56,26.81
"Jul 10, 2024 9:07 AM",30.3,87,27.9,0.56,26.89
"Jul 10, 2024 9:08 AM",30.4,87,28.0,0.56,26.96
"Jul 10, 2024 9:09 AM",30.4,87,28.0,0.56,26.96
"Jul 10, 2024 9:10 AM",30.4,87,28.0,0.56,26.96
"Jul 10, 2024 9:11 AM",30.5,87,28.0,0.57,27.03
"Jul 10, 2024 9:12 AM",30.5,87,28.1,0.57,27.10
"Jul 10, 2024 9:13 AM",30.5,87,28.1,0.57,27.18
"Jul 10, 2024 9:14 AM",30.6,87,28.2,0.57,27.25
"Jul 10, 2024 9:15 AM",30.7,86,28.0,0.62,27.01
"Jul 10, 2024 9:16 AM",30.7,86,28.1,0.62,27.08
"Jul 10, 2024 9:17 AM",30.8,86,28.1,0.62,27.16
"Jul 10, 2024 9:18 AM",30.8,86,28.2,0.62,27.23
"Jul 10, 2024 9:19 AM",30.8,86,28.2,0.62,27.23
"Jul 10, 2024 9:20 AM",30.8,86,28.2,0.62,27.23
"Jul 10, 2024 9:21 AM",30.8,86,28.2,0.62,27.30
"Jul 10, 2024 9:22 AM",30.9,86,28.3,0.63,27.37
